% Zig-Zag Traffic Pattern for 50x50 Mesh NoC
% taskID layerID [src] [dst] src_minVol src_totalVol dst_minVol dst_totalVol [waitID] [nextID] waitOP
0 1 [0] [1] -1 100 1 100 [-1] [1] 0
1 1 [1] [2] 1 100 1 100 [0] [2] 0
2 1 [2] [3] 1 100 1 100 [1] [3] 0
3 1 [3] [4] 1 100 1 100 [2] [4] 0
4 1 [4] [5] 1 100 1 100 [3] [5] 0
5 1 [5] [6] 1 100 1 100 [4] [6] 0
6 1 [6] [7] 1 100 1 100 [5] [7] 0
7 1 [7] [8] 1 100 1 100 [6] [8] 0
8 1 [8] [9] 1 100 1 100 [7] [9] 0
9 1 [9] [10] 1 100 1 100 [8] [10] 0
10 1 [10] [11] 1 100 1 100 [9] [11] 0
11 1 [11] [12] 1 100 1 100 [10] [12] 0
12 1 [12] [13] 1 100 1 100 [11] [13] 0
13 1 [13] [14] 1 100 1 100 [12] [14] 0
14 1 [14] [15] 1 100 1 100 [13] [15] 0
15 1 [15] [16] 1 100 1 100 [14] [16] 0
16 1 [16] [17] 1 100 1 100 [15] [17] 0
17 1 [17] [18] 1 100 1 100 [16] [18] 0
18 1 [18] [19] 1 100 1 100 [17] [19] 0
19 1 [19] [20] 1 100 1 100 [18] [20] 0
20 1 [20] [21] 1 100 1 100 [19] [21] 0
21 1 [21] [22] 1 100 1 100 [20] [22] 0
22 1 [22] [23] 1 100 1 100 [21] [23] 0
23 1 [23] [24] 1 100 1 100 [22] [24] 0
24 1 [24] [25] 1 100 1 100 [23] [25] 0
25 1 [25] [26] 1 100 1 100 [24] [26] 0
26 1 [26] [27] 1 100 1 100 [25] [27] 0
27 1 [27] [28] 1 100 1 100 [26] [28] 0
28 1 [28] [29] 1 100 1 100 [27] [29] 0
29 1 [29] [30] 1 100 1 100 [28] [30] 0
30 1 [30] [31] 1 100 1 100 [29] [31] 0
31 1 [31] [32] 1 100 1 100 [30] [32] 0
32 1 [32] [33] 1 100 1 100 [31] [33] 0
33 1 [33] [34] 1 100 1 100 [32] [34] 0
34 1 [34] [35] 1 100 1 100 [33] [35] 0
35 1 [35] [36] 1 100 1 100 [34] [36] 0
36 1 [36] [37] 1 100 1 100 [35] [37] 0
37 1 [37] [38] 1 100 1 100 [36] [38] 0
38 1 [38] [39] 1 100 1 100 [37] [39] 0
39 1 [39] [40] 1 100 1 100 [38] [40] 0
40 1 [40] [41] 1 100 1 100 [39] [41] 0
41 1 [41] [42] 1 100 1 100 [40] [42] 0
42 1 [42] [43] 1 100 1 100 [41] [43] 0
43 1 [43] [44] 1 100 1 100 [42] [44] 0
44 1 [44] [45] 1 100 1 100 [43] [45] 0
45 1 [45] [46] 1 100 1 100 [44] [46] 0
46 1 [46] [47] 1 100 1 100 [45] [47] 0
47 1 [47] [48] 1 100 1 100 [46] [48] 0
48 1 [48] [49] 1 100 1 100 [47] [49] 0
49 1 [49] [99] 1 100 1 100 [48] [50] 0
50 1 [99] [98] 1 100 1 100 [49] [51] 0
51 1 [98] [97] 1 100 1 100 [50] [52] 0
52 1 [97] [96] 1 100 1 100 [51] [53] 0
53 1 [96] [95] 1 100 1 100 [52] [54] 0
54 1 [95] [94] 1 100 1 100 [53] [55] 0
55 1 [94] [93] 1 100 1 100 [54] [56] 0
56 1 [93] [92] 1 100 1 100 [55] [57] 0
57 1 [92] [91] 1 100 1 100 [56] [58] 0
58 1 [91] [90] 1 100 1 100 [57] [59] 0
59 1 [90] [89] 1 100 1 100 [58] [60] 0
60 1 [89] [88] 1 100 1 100 [59] [61] 0
61 1 [88] [87] 1 100 1 100 [60] [62] 0
62 1 [87] [86] 1 100 1 100 [61] [63] 0
63 1 [86] [85] 1 100 1 100 [62] [64] 0
64 1 [85] [84] 1 100 1 100 [63] [65] 0
65 1 [84] [83] 1 100 1 100 [64] [66] 0
66 1 [83] [82] 1 100 1 100 [65] [67] 0
67 1 [82] [81] 1 100 1 100 [66] [68] 0
68 1 [81] [80] 1 100 1 100 [67] [69] 0
69 1 [80] [79] 1 100 1 100 [68] [70] 0
70 1 [79] [78] 1 100 1 100 [69] [71] 0
71 1 [78] [77] 1 100 1 100 [70] [72] 0
72 1 [77] [76] 1 100 1 100 [71] [73] 0
73 1 [76] [75] 1 100 1 100 [72] [74] 0
74 1 [75] [74] 1 100 1 100 [73] [75] 0
75 1 [74] [73] 1 100 1 100 [74] [76] 0
76 1 [73] [72] 1 100 1 100 [75] [77] 0
77 1 [72] [71] 1 100 1 100 [76] [78] 0
78 1 [71] [70] 1 100 1 100 [77] [79] 0
79 1 [70] [69] 1 100 1 100 [78] [80] 0
80 1 [69] [68] 1 100 1 100 [79] [81] 0
81 1 [68] [67] 1 100 1 100 [80] [82] 0
82 1 [67] [66] 1 100 1 100 [81] [83] 0
83 1 [66] [65] 1 100 1 100 [82] [84] 0
84 1 [65] [64] 1 100 1 100 [83] [85] 0
85 1 [64] [63] 1 100 1 100 [84] [86] 0
86 1 [63] [62] 1 100 1 100 [85] [87] 0
87 1 [62] [61] 1 100 1 100 [86] [88] 0
88 1 [61] [60] 1 100 1 100 [87] [89] 0
89 1 [60] [59] 1 100 1 100 [88] [90] 0
90 1 [59] [58] 1 100 1 100 [89] [91] 0
91 1 [58] [57] 1 100 1 100 [90] [92] 0
92 1 [57] [56] 1 100 1 100 [91] [93] 0
93 1 [56] [55] 1 100 1 100 [92] [94] 0
94 1 [55] [54] 1 100 1 100 [93] [95] 0
95 1 [54] [53] 1 100 1 100 [94] [96] 0
96 1 [53] [52] 1 100 1 100 [95] [97] 0
97 1 [52] [51] 1 100 1 100 [96] [98] 0
98 1 [51] [50] 1 100 1 100 [97] [99] 0
99 1 [50] [100] 1 100 1 100 [98] [100] 0
100 1 [100] [101] 1 100 1 100 [99] [101] 0
101 1 [101] [102] 1 100 1 100 [100] [102] 0
102 1 [102] [103] 1 100 1 100 [101] [103] 0
103 1 [103] [104] 1 100 1 100 [102] [104] 0
104 1 [104] [105] 1 100 1 100 [103] [105] 0
105 1 [105] [106] 1 100 1 100 [104] [106] 0
106 1 [106] [107] 1 100 1 100 [105] [107] 0
107 1 [107] [108] 1 100 1 100 [106] [108] 0
108 1 [108] [109] 1 100 1 100 [107] [109] 0
109 1 [109] [110] 1 100 1 100 [108] [110] 0
110 1 [110] [111] 1 100 1 100 [109] [111] 0
111 1 [111] [112] 1 100 1 100 [110] [112] 0
112 1 [112] [113] 1 100 1 100 [111] [113] 0
113 1 [113] [114] 1 100 1 100 [112] [114] 0
114 1 [114] [115] 1 100 1 100 [113] [115] 0
115 1 [115] [116] 1 100 1 100 [114] [116] 0
116 1 [116] [117] 1 100 1 100 [115] [117] 0
117 1 [117] [118] 1 100 1 100 [116] [118] 0
118 1 [118] [119] 1 100 1 100 [117] [119] 0
119 1 [119] [120] 1 100 1 100 [118] [120] 0
120 1 [120] [121] 1 100 1 100 [119] [121] 0
121 1 [121] [122] 1 100 1 100 [120] [122] 0
122 1 [122] [123] 1 100 1 100 [121] [123] 0
123 1 [123] [124] 1 100 1 100 [122] [124] 0
124 1 [124] [125] 1 100 1 100 [123] [125] 0
125 1 [125] [126] 1 100 1 100 [124] [126] 0
126 1 [126] [127] 1 100 1 100 [125] [127] 0
127 1 [127] [128] 1 100 1 100 [126] [128] 0
128 1 [128] [129] 1 100 1 100 [127] [129] 0
129 1 [129] [130] 1 100 1 100 [128] [130] 0
130 1 [130] [131] 1 100 1 100 [129] [131] 0
131 1 [131] [132] 1 100 1 100 [130] [132] 0
132 1 [132] [133] 1 100 1 100 [131] [133] 0
133 1 [133] [134] 1 100 1 100 [132] [134] 0
134 1 [134] [135] 1 100 1 100 [133] [135] 0
135 1 [135] [136] 1 100 1 100 [134] [136] 0
136 1 [136] [137] 1 100 1 100 [135] [137] 0
137 1 [137] [138] 1 100 1 100 [136] [138] 0
138 1 [138] [139] 1 100 1 100 [137] [139] 0
139 1 [139] [140] 1 100 1 100 [138] [140] 0
140 1 [140] [141] 1 100 1 100 [139] [141] 0
141 1 [141] [142] 1 100 1 100 [140] [142] 0
142 1 [142] [143] 1 100 1 100 [141] [143] 0
143 1 [143] [144] 1 100 1 100 [142] [144] 0
144 1 [144] [145] 1 100 1 100 [143] [145] 0
145 1 [145] [146] 1 100 1 100 [144] [146] 0
146 1 [146] [147] 1 100 1 100 [145] [147] 0
147 1 [147] [148] 1 100 1 100 [146] [148] 0
148 1 [148] [149] 1 100 1 100 [147] [149] 0
149 1 [149] [199] 1 100 1 100 [148] [150] 0
150 1 [199] [198] 1 100 1 100 [149] [151] 0
151 1 [198] [197] 1 100 1 100 [150] [152] 0
152 1 [197] [196] 1 100 1 100 [151] [153] 0
153 1 [196] [195] 1 100 1 100 [152] [154] 0
154 1 [195] [194] 1 100 1 100 [153] [155] 0
155 1 [194] [193] 1 100 1 100 [154] [156] 0
156 1 [193] [192] 1 100 1 100 [155] [157] 0
157 1 [192] [191] 1 100 1 100 [156] [158] 0
158 1 [191] [190] 1 100 1 100 [157] [159] 0
159 1 [190] [189] 1 100 1 100 [158] [160] 0
160 1 [189] [188] 1 100 1 100 [159] [161] 0
161 1 [188] [187] 1 100 1 100 [160] [162] 0
162 1 [187] [186] 1 100 1 100 [161] [163] 0
163 1 [186] [185] 1 100 1 100 [162] [164] 0
164 1 [185] [184] 1 100 1 100 [163] [165] 0
165 1 [184] [183] 1 100 1 100 [164] [166] 0
166 1 [183] [182] 1 100 1 100 [165] [167] 0
167 1 [182] [181] 1 100 1 100 [166] [168] 0
168 1 [181] [180] 1 100 1 100 [167] [169] 0
169 1 [180] [179] 1 100 1 100 [168] [170] 0
170 1 [179] [178] 1 100 1 100 [169] [171] 0
171 1 [178] [177] 1 100 1 100 [170] [172] 0
172 1 [177] [176] 1 100 1 100 [171] [173] 0
173 1 [176] [175] 1 100 1 100 [172] [174] 0
174 1 [175] [174] 1 100 1 100 [173] [175] 0
175 1 [174] [173] 1 100 1 100 [174] [176] 0
176 1 [173] [172] 1 100 1 100 [175] [177] 0
177 1 [172] [171] 1 100 1 100 [176] [178] 0
178 1 [171] [170] 1 100 1 100 [177] [179] 0
179 1 [170] [169] 1 100 1 100 [178] [180] 0
180 1 [169] [168] 1 100 1 100 [179] [181] 0
181 1 [168] [167] 1 100 1 100 [180] [182] 0
182 1 [167] [166] 1 100 1 100 [181] [183] 0
183 1 [166] [165] 1 100 1 100 [182] [184] 0
184 1 [165] [164] 1 100 1 100 [183] [185] 0
185 1 [164] [163] 1 100 1 100 [184] [186] 0
186 1 [163] [162] 1 100 1 100 [185] [187] 0
187 1 [162] [161] 1 100 1 100 [186] [188] 0
188 1 [161] [160] 1 100 1 100 [187] [189] 0
189 1 [160] [159] 1 100 1 100 [188] [190] 0
190 1 [159] [158] 1 100 1 100 [189] [191] 0
191 1 [158] [157] 1 100 1 100 [190] [192] 0
192 1 [157] [156] 1 100 1 100 [191] [193] 0
193 1 [156] [155] 1 100 1 100 [192] [194] 0
194 1 [155] [154] 1 100 1 100 [193] [195] 0
195 1 [154] [153] 1 100 1 100 [194] [196] 0
196 1 [153] [152] 1 100 1 100 [195] [197] 0
197 1 [152] [151] 1 100 1 100 [196] [198] 0
198 1 [151] [150] 1 100 1 100 [197] [199] 0
199 1 [150] [200] 1 100 1 100 [198] [200] 0
200 1 [200] [201] 1 100 1 100 [199] [201] 0
201 1 [201] [202] 1 100 1 100 [200] [202] 0
202 1 [202] [203] 1 100 1 100 [201] [203] 0
203 1 [203] [204] 1 100 1 100 [202] [204] 0
204 1 [204] [205] 1 100 1 100 [203] [205] 0
205 1 [205] [206] 1 100 1 100 [204] [206] 0
206 1 [206] [207] 1 100 1 100 [205] [207] 0
207 1 [207] [208] 1 100 1 100 [206] [208] 0
208 1 [208] [209] 1 100 1 100 [207] [209] 0
209 1 [209] [210] 1 100 1 100 [208] [210] 0
210 1 [210] [211] 1 100 1 100 [209] [211] 0
211 1 [211] [212] 1 100 1 100 [210] [212] 0
212 1 [212] [213] 1 100 1 100 [211] [213] 0
213 1 [213] [214] 1 100 1 100 [212] [214] 0
214 1 [214] [215] 1 100 1 100 [213] [215] 0
215 1 [215] [216] 1 100 1 100 [214] [216] 0
216 1 [216] [217] 1 100 1 100 [215] [217] 0
217 1 [217] [218] 1 100 1 100 [216] [218] 0
218 1 [218] [219] 1 100 1 100 [217] [219] 0
219 1 [219] [220] 1 100 1 100 [218] [220] 0
220 1 [220] [221] 1 100 1 100 [219] [221] 0
221 1 [221] [222] 1 100 1 100 [220] [222] 0
222 1 [222] [223] 1 100 1 100 [221] [223] 0
223 1 [223] [224] 1 100 1 100 [222] [224] 0
224 1 [224] [225] 1 100 1 100 [223] [225] 0
225 1 [225] [226] 1 100 1 100 [224] [226] 0
226 1 [226] [227] 1 100 1 100 [225] [227] 0
227 1 [227] [228] 1 100 1 100 [226] [228] 0
228 1 [228] [229] 1 100 1 100 [227] [229] 0
229 1 [229] [230] 1 100 1 100 [228] [230] 0
230 1 [230] [231] 1 100 1 100 [229] [231] 0
231 1 [231] [232] 1 100 1 100 [230] [232] 0
232 1 [232] [233] 1 100 1 100 [231] [233] 0
233 1 [233] [234] 1 100 1 100 [232] [234] 0
234 1 [234] [235] 1 100 1 100 [233] [235] 0
235 1 [235] [236] 1 100 1 100 [234] [236] 0
236 1 [236] [237] 1 100 1 100 [235] [237] 0
237 1 [237] [238] 1 100 1 100 [236] [238] 0
238 1 [238] [239] 1 100 1 100 [237] [239] 0
239 1 [239] [240] 1 100 1 100 [238] [240] 0
240 1 [240] [241] 1 100 1 100 [239] [241] 0
241 1 [241] [242] 1 100 1 100 [240] [242] 0
242 1 [242] [243] 1 100 1 100 [241] [243] 0
243 1 [243] [244] 1 100 1 100 [242] [244] 0
244 1 [244] [245] 1 100 1 100 [243] [245] 0
245 1 [245] [246] 1 100 1 100 [244] [246] 0
246 1 [246] [247] 1 100 1 100 [245] [247] 0
247 1 [247] [248] 1 100 1 100 [246] [248] 0
248 1 [248] [249] 1 100 1 100 [247] [249] 0
249 1 [249] [299] 1 100 1 100 [248] [250] 0
250 1 [299] [298] 1 100 1 100 [249] [251] 0
251 1 [298] [297] 1 100 1 100 [250] [252] 0
252 1 [297] [296] 1 100 1 100 [251] [253] 0
253 1 [296] [295] 1 100 1 100 [252] [254] 0
254 1 [295] [294] 1 100 1 100 [253] [255] 0
255 1 [294] [293] 1 100 1 100 [254] [256] 0
256 1 [293] [292] 1 100 1 100 [255] [257] 0
257 1 [292] [291] 1 100 1 100 [256] [258] 0
258 1 [291] [290] 1 100 1 100 [257] [259] 0
259 1 [290] [289] 1 100 1 100 [258] [260] 0
260 1 [289] [288] 1 100 1 100 [259] [261] 0
261 1 [288] [287] 1 100 1 100 [260] [262] 0
262 1 [287] [286] 1 100 1 100 [261] [263] 0
263 1 [286] [285] 1 100 1 100 [262] [264] 0
264 1 [285] [284] 1 100 1 100 [263] [265] 0
265 1 [284] [283] 1 100 1 100 [264] [266] 0
266 1 [283] [282] 1 100 1 100 [265] [267] 0
267 1 [282] [281] 1 100 1 100 [266] [268] 0
268 1 [281] [280] 1 100 1 100 [267] [269] 0
269 1 [280] [279] 1 100 1 100 [268] [270] 0
270 1 [279] [278] 1 100 1 100 [269] [271] 0
271 1 [278] [277] 1 100 1 100 [270] [272] 0
272 1 [277] [276] 1 100 1 100 [271] [273] 0
273 1 [276] [275] 1 100 1 100 [272] [274] 0
274 1 [275] [274] 1 100 1 100 [273] [275] 0
275 1 [274] [273] 1 100 1 100 [274] [276] 0
276 1 [273] [272] 1 100 1 100 [275] [277] 0
277 1 [272] [271] 1 100 1 100 [276] [278] 0
278 1 [271] [270] 1 100 1 100 [277] [279] 0
279 1 [270] [269] 1 100 1 100 [278] [280] 0
280 1 [269] [268] 1 100 1 100 [279] [281] 0
281 1 [268] [267] 1 100 1 100 [280] [282] 0
282 1 [267] [266] 1 100 1 100 [281] [283] 0
283 1 [266] [265] 1 100 1 100 [282] [284] 0
284 1 [265] [264] 1 100 1 100 [283] [285] 0
285 1 [264] [263] 1 100 1 100 [284] [286] 0
286 1 [263] [262] 1 100 1 100 [285] [287] 0
287 1 [262] [261] 1 100 1 100 [286] [288] 0
288 1 [261] [260] 1 100 1 100 [287] [289] 0
289 1 [260] [259] 1 100 1 100 [288] [290] 0
290 1 [259] [258] 1 100 1 100 [289] [291] 0
291 1 [258] [257] 1 100 1 100 [290] [292] 0
292 1 [257] [256] 1 100 1 100 [291] [293] 0
293 1 [256] [255] 1 100 1 100 [292] [294] 0
294 1 [255] [254] 1 100 1 100 [293] [295] 0
295 1 [254] [253] 1 100 1 100 [294] [296] 0
296 1 [253] [252] 1 100 1 100 [295] [297] 0
297 1 [252] [251] 1 100 1 100 [296] [298] 0
298 1 [251] [250] 1 100 1 100 [297] [299] 0
299 1 [250] [300] 1 100 1 100 [298] [300] 0
300 1 [300] [301] 1 100 1 100 [299] [301] 0
301 1 [301] [302] 1 100 1 100 [300] [302] 0
302 1 [302] [303] 1 100 1 100 [301] [303] 0
303 1 [303] [304] 1 100 1 100 [302] [304] 0
304 1 [304] [305] 1 100 1 100 [303] [305] 0
305 1 [305] [306] 1 100 1 100 [304] [306] 0
306 1 [306] [307] 1 100 1 100 [305] [307] 0
307 1 [307] [308] 1 100 1 100 [306] [308] 0
308 1 [308] [309] 1 100 1 100 [307] [309] 0
309 1 [309] [310] 1 100 1 100 [308] [310] 0
310 1 [310] [311] 1 100 1 100 [309] [311] 0
311 1 [311] [312] 1 100 1 100 [310] [312] 0
312 1 [312] [313] 1 100 1 100 [311] [313] 0
313 1 [313] [314] 1 100 1 100 [312] [314] 0
314 1 [314] [315] 1 100 1 100 [313] [315] 0
315 1 [315] [316] 1 100 1 100 [314] [316] 0
316 1 [316] [317] 1 100 1 100 [315] [317] 0
317 1 [317] [318] 1 100 1 100 [316] [318] 0
318 1 [318] [319] 1 100 1 100 [317] [319] 0
319 1 [319] [320] 1 100 1 100 [318] [320] 0
320 1 [320] [321] 1 100 1 100 [319] [321] 0
321 1 [321] [322] 1 100 1 100 [320] [322] 0
322 1 [322] [323] 1 100 1 100 [321] [323] 0
323 1 [323] [324] 1 100 1 100 [322] [324] 0
324 1 [324] [325] 1 100 1 100 [323] [325] 0
325 1 [325] [326] 1 100 1 100 [324] [326] 0
326 1 [326] [327] 1 100 1 100 [325] [327] 0
327 1 [327] [328] 1 100 1 100 [326] [328] 0
328 1 [328] [329] 1 100 1 100 [327] [329] 0
329 1 [329] [330] 1 100 1 100 [328] [330] 0
330 1 [330] [331] 1 100 1 100 [329] [331] 0
331 1 [331] [332] 1 100 1 100 [330] [332] 0
332 1 [332] [333] 1 100 1 100 [331] [333] 0
333 1 [333] [334] 1 100 1 100 [332] [334] 0
334 1 [334] [335] 1 100 1 100 [333] [335] 0
335 1 [335] [336] 1 100 1 100 [334] [336] 0
336 1 [336] [337] 1 100 1 100 [335] [337] 0
337 1 [337] [338] 1 100 1 100 [336] [338] 0
338 1 [338] [339] 1 100 1 100 [337] [339] 0
339 1 [339] [340] 1 100 1 100 [338] [340] 0
340 1 [340] [341] 1 100 1 100 [339] [341] 0
341 1 [341] [342] 1 100 1 100 [340] [342] 0
342 1 [342] [343] 1 100 1 100 [341] [343] 0
343 1 [343] [344] 1 100 1 100 [342] [344] 0
344 1 [344] [345] 1 100 1 100 [343] [345] 0
345 1 [345] [346] 1 100 1 100 [344] [346] 0
346 1 [346] [347] 1 100 1 100 [345] [347] 0
347 1 [347] [348] 1 100 1 100 [346] [348] 0
348 1 [348] [349] 1 100 1 100 [347] [349] 0
349 1 [349] [399] 1 100 1 100 [348] [350] 0
350 1 [399] [398] 1 100 1 100 [349] [351] 0
351 1 [398] [397] 1 100 1 100 [350] [352] 0
352 1 [397] [396] 1 100 1 100 [351] [353] 0
353 1 [396] [395] 1 100 1 100 [352] [354] 0
354 1 [395] [394] 1 100 1 100 [353] [355] 0
355 1 [394] [393] 1 100 1 100 [354] [356] 0
356 1 [393] [392] 1 100 1 100 [355] [357] 0
357 1 [392] [391] 1 100 1 100 [356] [358] 0
358 1 [391] [390] 1 100 1 100 [357] [359] 0
359 1 [390] [389] 1 100 1 100 [358] [360] 0
360 1 [389] [388] 1 100 1 100 [359] [361] 0
361 1 [388] [387] 1 100 1 100 [360] [362] 0
362 1 [387] [386] 1 100 1 100 [361] [363] 0
363 1 [386] [385] 1 100 1 100 [362] [364] 0
364 1 [385] [384] 1 100 1 100 [363] [365] 0
365 1 [384] [383] 1 100 1 100 [364] [366] 0
366 1 [383] [382] 1 100 1 100 [365] [367] 0
367 1 [382] [381] 1 100 1 100 [366] [368] 0
368 1 [381] [380] 1 100 1 100 [367] [369] 0
369 1 [380] [379] 1 100 1 100 [368] [370] 0
370 1 [379] [378] 1 100 1 100 [369] [371] 0
371 1 [378] [377] 1 100 1 100 [370] [372] 0
372 1 [377] [376] 1 100 1 100 [371] [373] 0
373 1 [376] [375] 1 100 1 100 [372] [374] 0
374 1 [375] [374] 1 100 1 100 [373] [375] 0
375 1 [374] [373] 1 100 1 100 [374] [376] 0
376 1 [373] [372] 1 100 1 100 [375] [377] 0
377 1 [372] [371] 1 100 1 100 [376] [378] 0
378 1 [371] [370] 1 100 1 100 [377] [379] 0
379 1 [370] [369] 1 100 1 100 [378] [380] 0
380 1 [369] [368] 1 100 1 100 [379] [381] 0
381 1 [368] [367] 1 100 1 100 [380] [382] 0
382 1 [367] [366] 1 100 1 100 [381] [383] 0
383 1 [366] [365] 1 100 1 100 [382] [384] 0
384 1 [365] [364] 1 100 1 100 [383] [385] 0
385 1 [364] [363] 1 100 1 100 [384] [386] 0
386 1 [363] [362] 1 100 1 100 [385] [387] 0
387 1 [362] [361] 1 100 1 100 [386] [388] 0
388 1 [361] [360] 1 100 1 100 [387] [389] 0
389 1 [360] [359] 1 100 1 100 [388] [390] 0
390 1 [359] [358] 1 100 1 100 [389] [391] 0
391 1 [358] [357] 1 100 1 100 [390] [392] 0
392 1 [357] [356] 1 100 1 100 [391] [393] 0
393 1 [356] [355] 1 100 1 100 [392] [394] 0
394 1 [355] [354] 1 100 1 100 [393] [395] 0
395 1 [354] [353] 1 100 1 100 [394] [396] 0
396 1 [353] [352] 1 100 1 100 [395] [397] 0
397 1 [352] [351] 1 100 1 100 [396] [398] 0
398 1 [351] [350] 1 100 1 100 [397] [399] 0
399 1 [350] [400] 1 100 1 100 [398] [400] 0
400 1 [400] [401] 1 100 1 100 [399] [401] 0
401 1 [401] [402] 1 100 1 100 [400] [402] 0
402 1 [402] [403] 1 100 1 100 [401] [403] 0
403 1 [403] [404] 1 100 1 100 [402] [404] 0
404 1 [404] [405] 1 100 1 100 [403] [405] 0
405 1 [405] [406] 1 100 1 100 [404] [406] 0
406 1 [406] [407] 1 100 1 100 [405] [407] 0
407 1 [407] [408] 1 100 1 100 [406] [408] 0
408 1 [408] [409] 1 100 1 100 [407] [409] 0
409 1 [409] [410] 1 100 1 100 [408] [410] 0
410 1 [410] [411] 1 100 1 100 [409] [411] 0
411 1 [411] [412] 1 100 1 100 [410] [412] 0
412 1 [412] [413] 1 100 1 100 [411] [413] 0
413 1 [413] [414] 1 100 1 100 [412] [414] 0
414 1 [414] [415] 1 100 1 100 [413] [415] 0
415 1 [415] [416] 1 100 1 100 [414] [416] 0
416 1 [416] [417] 1 100 1 100 [415] [417] 0
417 1 [417] [418] 1 100 1 100 [416] [418] 0
418 1 [418] [419] 1 100 1 100 [417] [419] 0
419 1 [419] [420] 1 100 1 100 [418] [420] 0
420 1 [420] [421] 1 100 1 100 [419] [421] 0
421 1 [421] [422] 1 100 1 100 [420] [422] 0
422 1 [422] [423] 1 100 1 100 [421] [423] 0
423 1 [423] [424] 1 100 1 100 [422] [424] 0
424 1 [424] [425] 1 100 1 100 [423] [425] 0
425 1 [425] [426] 1 100 1 100 [424] [426] 0
426 1 [426] [427] 1 100 1 100 [425] [427] 0
427 1 [427] [428] 1 100 1 100 [426] [428] 0
428 1 [428] [429] 1 100 1 100 [427] [429] 0
429 1 [429] [430] 1 100 1 100 [428] [430] 0
430 1 [430] [431] 1 100 1 100 [429] [431] 0
431 1 [431] [432] 1 100 1 100 [430] [432] 0
432 1 [432] [433] 1 100 1 100 [431] [433] 0
433 1 [433] [434] 1 100 1 100 [432] [434] 0
434 1 [434] [435] 1 100 1 100 [433] [435] 0
435 1 [435] [436] 1 100 1 100 [434] [436] 0
436 1 [436] [437] 1 100 1 100 [435] [437] 0
437 1 [437] [438] 1 100 1 100 [436] [438] 0
438 1 [438] [439] 1 100 1 100 [437] [439] 0
439 1 [439] [440] 1 100 1 100 [438] [440] 0
440 1 [440] [441] 1 100 1 100 [439] [441] 0
441 1 [441] [442] 1 100 1 100 [440] [442] 0
442 1 [442] [443] 1 100 1 100 [441] [443] 0
443 1 [443] [444] 1 100 1 100 [442] [444] 0
444 1 [444] [445] 1 100 1 100 [443] [445] 0
445 1 [445] [446] 1 100 1 100 [444] [446] 0
446 1 [446] [447] 1 100 1 100 [445] [447] 0
447 1 [447] [448] 1 100 1 100 [446] [448] 0
448 1 [448] [449] 1 100 1 100 [447] [449] 0
449 1 [449] [499] 1 100 1 100 [448] [450] 0
450 1 [499] [498] 1 100 1 100 [449] [451] 0
451 1 [498] [497] 1 100 1 100 [450] [452] 0
452 1 [497] [496] 1 100 1 100 [451] [453] 0
453 1 [496] [495] 1 100 1 100 [452] [454] 0
454 1 [495] [494] 1 100 1 100 [453] [455] 0
455 1 [494] [493] 1 100 1 100 [454] [456] 0
456 1 [493] [492] 1 100 1 100 [455] [457] 0
457 1 [492] [491] 1 100 1 100 [456] [458] 0
458 1 [491] [490] 1 100 1 100 [457] [459] 0
459 1 [490] [489] 1 100 1 100 [458] [460] 0
460 1 [489] [488] 1 100 1 100 [459] [461] 0
461 1 [488] [487] 1 100 1 100 [460] [462] 0
462 1 [487] [486] 1 100 1 100 [461] [463] 0
463 1 [486] [485] 1 100 1 100 [462] [464] 0
464 1 [485] [484] 1 100 1 100 [463] [465] 0
465 1 [484] [483] 1 100 1 100 [464] [466] 0
466 1 [483] [482] 1 100 1 100 [465] [467] 0
467 1 [482] [481] 1 100 1 100 [466] [468] 0
468 1 [481] [480] 1 100 1 100 [467] [469] 0
469 1 [480] [479] 1 100 1 100 [468] [470] 0
470 1 [479] [478] 1 100 1 100 [469] [471] 0
471 1 [478] [477] 1 100 1 100 [470] [472] 0
472 1 [477] [476] 1 100 1 100 [471] [473] 0
473 1 [476] [475] 1 100 1 100 [472] [474] 0
474 1 [475] [474] 1 100 1 100 [473] [475] 0
475 1 [474] [473] 1 100 1 100 [474] [476] 0
476 1 [473] [472] 1 100 1 100 [475] [477] 0
477 1 [472] [471] 1 100 1 100 [476] [478] 0
478 1 [471] [470] 1 100 1 100 [477] [479] 0
479 1 [470] [469] 1 100 1 100 [478] [480] 0
480 1 [469] [468] 1 100 1 100 [479] [481] 0
481 1 [468] [467] 1 100 1 100 [480] [482] 0
482 1 [467] [466] 1 100 1 100 [481] [483] 0
483 1 [466] [465] 1 100 1 100 [482] [484] 0
484 1 [465] [464] 1 100 1 100 [483] [485] 0
485 1 [464] [463] 1 100 1 100 [484] [486] 0
486 1 [463] [462] 1 100 1 100 [485] [487] 0
487 1 [462] [461] 1 100 1 100 [486] [488] 0
488 1 [461] [460] 1 100 1 100 [487] [489] 0
489 1 [460] [459] 1 100 1 100 [488] [490] 0
490 1 [459] [458] 1 100 1 100 [489] [491] 0
491 1 [458] [457] 1 100 1 100 [490] [492] 0
492 1 [457] [456] 1 100 1 100 [491] [493] 0
493 1 [456] [455] 1 100 1 100 [492] [494] 0
494 1 [455] [454] 1 100 1 100 [493] [495] 0
495 1 [454] [453] 1 100 1 100 [494] [496] 0
496 1 [453] [452] 1 100 1 100 [495] [497] 0
497 1 [452] [451] 1 100 1 100 [496] [498] 0
498 1 [451] [450] 1 100 1 100 [497] [499] 0
499 1 [450] [500] 1 100 1 100 [498] [500] 0
500 1 [500] [501] 1 100 1 100 [499] [501] 0
501 1 [501] [502] 1 100 1 100 [500] [502] 0
502 1 [502] [503] 1 100 1 100 [501] [503] 0
503 1 [503] [504] 1 100 1 100 [502] [504] 0
504 1 [504] [505] 1 100 1 100 [503] [505] 0
505 1 [505] [506] 1 100 1 100 [504] [506] 0
506 1 [506] [507] 1 100 1 100 [505] [507] 0
507 1 [507] [508] 1 100 1 100 [506] [508] 0
508 1 [508] [509] 1 100 1 100 [507] [509] 0
509 1 [509] [510] 1 100 1 100 [508] [510] 0
510 1 [510] [511] 1 100 1 100 [509] [511] 0
511 1 [511] [512] 1 100 1 100 [510] [512] 0
512 1 [512] [513] 1 100 1 100 [511] [513] 0
513 1 [513] [514] 1 100 1 100 [512] [514] 0
514 1 [514] [515] 1 100 1 100 [513] [515] 0
515 1 [515] [516] 1 100 1 100 [514] [516] 0
516 1 [516] [517] 1 100 1 100 [515] [517] 0
517 1 [517] [518] 1 100 1 100 [516] [518] 0
518 1 [518] [519] 1 100 1 100 [517] [519] 0
519 1 [519] [520] 1 100 1 100 [518] [520] 0
520 1 [520] [521] 1 100 1 100 [519] [521] 0
521 1 [521] [522] 1 100 1 100 [520] [522] 0
522 1 [522] [523] 1 100 1 100 [521] [523] 0
523 1 [523] [524] 1 100 1 100 [522] [524] 0
524 1 [524] [525] 1 100 1 100 [523] [525] 0
525 1 [525] [526] 1 100 1 100 [524] [526] 0
526 1 [526] [527] 1 100 1 100 [525] [527] 0
527 1 [527] [528] 1 100 1 100 [526] [528] 0
528 1 [528] [529] 1 100 1 100 [527] [529] 0
529 1 [529] [530] 1 100 1 100 [528] [530] 0
530 1 [530] [531] 1 100 1 100 [529] [531] 0
531 1 [531] [532] 1 100 1 100 [530] [532] 0
532 1 [532] [533] 1 100 1 100 [531] [533] 0
533 1 [533] [534] 1 100 1 100 [532] [534] 0
534 1 [534] [535] 1 100 1 100 [533] [535] 0
535 1 [535] [536] 1 100 1 100 [534] [536] 0
536 1 [536] [537] 1 100 1 100 [535] [537] 0
537 1 [537] [538] 1 100 1 100 [536] [538] 0
538 1 [538] [539] 1 100 1 100 [537] [539] 0
539 1 [539] [540] 1 100 1 100 [538] [540] 0
540 1 [540] [541] 1 100 1 100 [539] [541] 0
541 1 [541] [542] 1 100 1 100 [540] [542] 0
542 1 [542] [543] 1 100 1 100 [541] [543] 0
543 1 [543] [544] 1 100 1 100 [542] [544] 0
544 1 [544] [545] 1 100 1 100 [543] [545] 0
545 1 [545] [546] 1 100 1 100 [544] [546] 0
546 1 [546] [547] 1 100 1 100 [545] [547] 0
547 1 [547] [548] 1 100 1 100 [546] [548] 0
548 1 [548] [549] 1 100 1 100 [547] [549] 0
549 1 [549] [599] 1 100 1 100 [548] [550] 0
550 1 [599] [598] 1 100 1 100 [549] [551] 0
551 1 [598] [597] 1 100 1 100 [550] [552] 0
552 1 [597] [596] 1 100 1 100 [551] [553] 0
553 1 [596] [595] 1 100 1 100 [552] [554] 0
554 1 [595] [594] 1 100 1 100 [553] [555] 0
555 1 [594] [593] 1 100 1 100 [554] [556] 0
556 1 [593] [592] 1 100 1 100 [555] [557] 0
557 1 [592] [591] 1 100 1 100 [556] [558] 0
558 1 [591] [590] 1 100 1 100 [557] [559] 0
559 1 [590] [589] 1 100 1 100 [558] [560] 0
560 1 [589] [588] 1 100 1 100 [559] [561] 0
561 1 [588] [587] 1 100 1 100 [560] [562] 0
562 1 [587] [586] 1 100 1 100 [561] [563] 0
563 1 [586] [585] 1 100 1 100 [562] [564] 0
564 1 [585] [584] 1 100 1 100 [563] [565] 0
565 1 [584] [583] 1 100 1 100 [564] [566] 0
566 1 [583] [582] 1 100 1 100 [565] [567] 0
567 1 [582] [581] 1 100 1 100 [566] [568] 0
568 1 [581] [580] 1 100 1 100 [567] [569] 0
569 1 [580] [579] 1 100 1 100 [568] [570] 0
570 1 [579] [578] 1 100 1 100 [569] [571] 0
571 1 [578] [577] 1 100 1 100 [570] [572] 0
572 1 [577] [576] 1 100 1 100 [571] [573] 0
573 1 [576] [575] 1 100 1 100 [572] [574] 0
574 1 [575] [574] 1 100 1 100 [573] [575] 0
575 1 [574] [573] 1 100 1 100 [574] [576] 0
576 1 [573] [572] 1 100 1 100 [575] [577] 0
577 1 [572] [571] 1 100 1 100 [576] [578] 0
578 1 [571] [570] 1 100 1 100 [577] [579] 0
579 1 [570] [569] 1 100 1 100 [578] [580] 0
580 1 [569] [568] 1 100 1 100 [579] [581] 0
581 1 [568] [567] 1 100 1 100 [580] [582] 0
582 1 [567] [566] 1 100 1 100 [581] [583] 0
583 1 [566] [565] 1 100 1 100 [582] [584] 0
584 1 [565] [564] 1 100 1 100 [583] [585] 0
585 1 [564] [563] 1 100 1 100 [584] [586] 0
586 1 [563] [562] 1 100 1 100 [585] [587] 0
587 1 [562] [561] 1 100 1 100 [586] [588] 0
588 1 [561] [560] 1 100 1 100 [587] [589] 0
589 1 [560] [559] 1 100 1 100 [588] [590] 0
590 1 [559] [558] 1 100 1 100 [589] [591] 0
591 1 [558] [557] 1 100 1 100 [590] [592] 0
592 1 [557] [556] 1 100 1 100 [591] [593] 0
593 1 [556] [555] 1 100 1 100 [592] [594] 0
594 1 [555] [554] 1 100 1 100 [593] [595] 0
595 1 [554] [553] 1 100 1 100 [594] [596] 0
596 1 [553] [552] 1 100 1 100 [595] [597] 0
597 1 [552] [551] 1 100 1 100 [596] [598] 0
598 1 [551] [550] 1 100 1 100 [597] [599] 0
599 1 [550] [600] 1 100 1 100 [598] [600] 0
600 1 [600] [601] 1 100 1 100 [599] [601] 0
601 1 [601] [602] 1 100 1 100 [600] [602] 0
602 1 [602] [603] 1 100 1 100 [601] [603] 0
603 1 [603] [604] 1 100 1 100 [602] [604] 0
604 1 [604] [605] 1 100 1 100 [603] [605] 0
605 1 [605] [606] 1 100 1 100 [604] [606] 0
606 1 [606] [607] 1 100 1 100 [605] [607] 0
607 1 [607] [608] 1 100 1 100 [606] [608] 0
608 1 [608] [609] 1 100 1 100 [607] [609] 0
609 1 [609] [610] 1 100 1 100 [608] [610] 0
610 1 [610] [611] 1 100 1 100 [609] [611] 0
611 1 [611] [612] 1 100 1 100 [610] [612] 0
612 1 [612] [613] 1 100 1 100 [611] [613] 0
613 1 [613] [614] 1 100 1 100 [612] [614] 0
614 1 [614] [615] 1 100 1 100 [613] [615] 0
615 1 [615] [616] 1 100 1 100 [614] [616] 0
616 1 [616] [617] 1 100 1 100 [615] [617] 0
617 1 [617] [618] 1 100 1 100 [616] [618] 0
618 1 [618] [619] 1 100 1 100 [617] [619] 0
619 1 [619] [620] 1 100 1 100 [618] [620] 0
620 1 [620] [621] 1 100 1 100 [619] [621] 0
621 1 [621] [622] 1 100 1 100 [620] [622] 0
622 1 [622] [623] 1 100 1 100 [621] [623] 0
623 1 [623] [624] 1 100 1 100 [622] [624] 0
624 1 [624] [625] 1 100 1 100 [623] [625] 0
625 1 [625] [626] 1 100 1 100 [624] [626] 0
626 1 [626] [627] 1 100 1 100 [625] [627] 0
627 1 [627] [628] 1 100 1 100 [626] [628] 0
628 1 [628] [629] 1 100 1 100 [627] [629] 0
629 1 [629] [630] 1 100 1 100 [628] [630] 0
630 1 [630] [631] 1 100 1 100 [629] [631] 0
631 1 [631] [632] 1 100 1 100 [630] [632] 0
632 1 [632] [633] 1 100 1 100 [631] [633] 0
633 1 [633] [634] 1 100 1 100 [632] [634] 0
634 1 [634] [635] 1 100 1 100 [633] [635] 0
635 1 [635] [636] 1 100 1 100 [634] [636] 0
636 1 [636] [637] 1 100 1 100 [635] [637] 0
637 1 [637] [638] 1 100 1 100 [636] [638] 0
638 1 [638] [639] 1 100 1 100 [637] [639] 0
639 1 [639] [640] 1 100 1 100 [638] [640] 0
640 1 [640] [641] 1 100 1 100 [639] [641] 0
641 1 [641] [642] 1 100 1 100 [640] [642] 0
642 1 [642] [643] 1 100 1 100 [641] [643] 0
643 1 [643] [644] 1 100 1 100 [642] [644] 0
644 1 [644] [645] 1 100 1 100 [643] [645] 0
645 1 [645] [646] 1 100 1 100 [644] [646] 0
646 1 [646] [647] 1 100 1 100 [645] [647] 0
647 1 [647] [648] 1 100 1 100 [646] [648] 0
648 1 [648] [649] 1 100 1 100 [647] [649] 0
649 1 [649] [699] 1 100 1 100 [648] [650] 0
650 1 [699] [698] 1 100 1 100 [649] [651] 0
651 1 [698] [697] 1 100 1 100 [650] [652] 0
652 1 [697] [696] 1 100 1 100 [651] [653] 0
653 1 [696] [695] 1 100 1 100 [652] [654] 0
654 1 [695] [694] 1 100 1 100 [653] [655] 0
655 1 [694] [693] 1 100 1 100 [654] [656] 0
656 1 [693] [692] 1 100 1 100 [655] [657] 0
657 1 [692] [691] 1 100 1 100 [656] [658] 0
658 1 [691] [690] 1 100 1 100 [657] [659] 0
659 1 [690] [689] 1 100 1 100 [658] [660] 0
660 1 [689] [688] 1 100 1 100 [659] [661] 0
661 1 [688] [687] 1 100 1 100 [660] [662] 0
662 1 [687] [686] 1 100 1 100 [661] [663] 0
663 1 [686] [685] 1 100 1 100 [662] [664] 0
664 1 [685] [684] 1 100 1 100 [663] [665] 0
665 1 [684] [683] 1 100 1 100 [664] [666] 0
666 1 [683] [682] 1 100 1 100 [665] [667] 0
667 1 [682] [681] 1 100 1 100 [666] [668] 0
668 1 [681] [680] 1 100 1 100 [667] [669] 0
669 1 [680] [679] 1 100 1 100 [668] [670] 0
670 1 [679] [678] 1 100 1 100 [669] [671] 0
671 1 [678] [677] 1 100 1 100 [670] [672] 0
672 1 [677] [676] 1 100 1 100 [671] [673] 0
673 1 [676] [675] 1 100 1 100 [672] [674] 0
674 1 [675] [674] 1 100 1 100 [673] [675] 0
675 1 [674] [673] 1 100 1 100 [674] [676] 0
676 1 [673] [672] 1 100 1 100 [675] [677] 0
677 1 [672] [671] 1 100 1 100 [676] [678] 0
678 1 [671] [670] 1 100 1 100 [677] [679] 0
679 1 [670] [669] 1 100 1 100 [678] [680] 0
680 1 [669] [668] 1 100 1 100 [679] [681] 0
681 1 [668] [667] 1 100 1 100 [680] [682] 0
682 1 [667] [666] 1 100 1 100 [681] [683] 0
683 1 [666] [665] 1 100 1 100 [682] [684] 0
684 1 [665] [664] 1 100 1 100 [683] [685] 0
685 1 [664] [663] 1 100 1 100 [684] [686] 0
686 1 [663] [662] 1 100 1 100 [685] [687] 0
687 1 [662] [661] 1 100 1 100 [686] [688] 0
688 1 [661] [660] 1 100 1 100 [687] [689] 0
689 1 [660] [659] 1 100 1 100 [688] [690] 0
690 1 [659] [658] 1 100 1 100 [689] [691] 0
691 1 [658] [657] 1 100 1 100 [690] [692] 0
692 1 [657] [656] 1 100 1 100 [691] [693] 0
693 1 [656] [655] 1 100 1 100 [692] [694] 0
694 1 [655] [654] 1 100 1 100 [693] [695] 0
695 1 [654] [653] 1 100 1 100 [694] [696] 0
696 1 [653] [652] 1 100 1 100 [695] [697] 0
697 1 [652] [651] 1 100 1 100 [696] [698] 0
698 1 [651] [650] 1 100 1 100 [697] [699] 0
699 1 [650] [700] 1 100 1 100 [698] [700] 0
700 1 [700] [701] 1 100 1 100 [699] [701] 0
701 1 [701] [702] 1 100 1 100 [700] [702] 0
702 1 [702] [703] 1 100 1 100 [701] [703] 0
703 1 [703] [704] 1 100 1 100 [702] [704] 0
704 1 [704] [705] 1 100 1 100 [703] [705] 0
705 1 [705] [706] 1 100 1 100 [704] [706] 0
706 1 [706] [707] 1 100 1 100 [705] [707] 0
707 1 [707] [708] 1 100 1 100 [706] [708] 0
708 1 [708] [709] 1 100 1 100 [707] [709] 0
709 1 [709] [710] 1 100 1 100 [708] [710] 0
710 1 [710] [711] 1 100 1 100 [709] [711] 0
711 1 [711] [712] 1 100 1 100 [710] [712] 0
712 1 [712] [713] 1 100 1 100 [711] [713] 0
713 1 [713] [714] 1 100 1 100 [712] [714] 0
714 1 [714] [715] 1 100 1 100 [713] [715] 0
715 1 [715] [716] 1 100 1 100 [714] [716] 0
716 1 [716] [717] 1 100 1 100 [715] [717] 0
717 1 [717] [718] 1 100 1 100 [716] [718] 0
718 1 [718] [719] 1 100 1 100 [717] [719] 0
719 1 [719] [720] 1 100 1 100 [718] [720] 0
720 1 [720] [721] 1 100 1 100 [719] [721] 0
721 1 [721] [722] 1 100 1 100 [720] [722] 0
722 1 [722] [723] 1 100 1 100 [721] [723] 0
723 1 [723] [724] 1 100 1 100 [722] [724] 0
724 1 [724] [725] 1 100 1 100 [723] [725] 0
725 1 [725] [726] 1 100 1 100 [724] [726] 0
726 1 [726] [727] 1 100 1 100 [725] [727] 0
727 1 [727] [728] 1 100 1 100 [726] [728] 0
728 1 [728] [729] 1 100 1 100 [727] [729] 0
729 1 [729] [730] 1 100 1 100 [728] [730] 0
730 1 [730] [731] 1 100 1 100 [729] [731] 0
731 1 [731] [732] 1 100 1 100 [730] [732] 0
732 1 [732] [733] 1 100 1 100 [731] [733] 0
733 1 [733] [734] 1 100 1 100 [732] [734] 0
734 1 [734] [735] 1 100 1 100 [733] [735] 0
735 1 [735] [736] 1 100 1 100 [734] [736] 0
736 1 [736] [737] 1 100 1 100 [735] [737] 0
737 1 [737] [738] 1 100 1 100 [736] [738] 0
738 1 [738] [739] 1 100 1 100 [737] [739] 0
739 1 [739] [740] 1 100 1 100 [738] [740] 0
740 1 [740] [741] 1 100 1 100 [739] [741] 0
741 1 [741] [742] 1 100 1 100 [740] [742] 0
742 1 [742] [743] 1 100 1 100 [741] [743] 0
743 1 [743] [744] 1 100 1 100 [742] [744] 0
744 1 [744] [745] 1 100 1 100 [743] [745] 0
745 1 [745] [746] 1 100 1 100 [744] [746] 0
746 1 [746] [747] 1 100 1 100 [745] [747] 0
747 1 [747] [748] 1 100 1 100 [746] [748] 0
748 1 [748] [749] 1 100 1 100 [747] [749] 0
749 1 [749] [799] 1 100 1 100 [748] [750] 0
750 1 [799] [798] 1 100 1 100 [749] [751] 0
751 1 [798] [797] 1 100 1 100 [750] [752] 0
752 1 [797] [796] 1 100 1 100 [751] [753] 0
753 1 [796] [795] 1 100 1 100 [752] [754] 0
754 1 [795] [794] 1 100 1 100 [753] [755] 0
755 1 [794] [793] 1 100 1 100 [754] [756] 0
756 1 [793] [792] 1 100 1 100 [755] [757] 0
757 1 [792] [791] 1 100 1 100 [756] [758] 0
758 1 [791] [790] 1 100 1 100 [757] [759] 0
759 1 [790] [789] 1 100 1 100 [758] [760] 0
760 1 [789] [788] 1 100 1 100 [759] [761] 0
761 1 [788] [787] 1 100 1 100 [760] [762] 0
762 1 [787] [786] 1 100 1 100 [761] [763] 0
763 1 [786] [785] 1 100 1 100 [762] [764] 0
764 1 [785] [784] 1 100 1 100 [763] [765] 0
765 1 [784] [783] 1 100 1 100 [764] [766] 0
766 1 [783] [782] 1 100 1 100 [765] [767] 0
767 1 [782] [781] 1 100 1 100 [766] [768] 0
768 1 [781] [780] 1 100 1 100 [767] [769] 0
769 1 [780] [779] 1 100 1 100 [768] [770] 0
770 1 [779] [778] 1 100 1 100 [769] [771] 0
771 1 [778] [777] 1 100 1 100 [770] [772] 0
772 1 [777] [776] 1 100 1 100 [771] [773] 0
773 1 [776] [775] 1 100 1 100 [772] [774] 0
774 1 [775] [774] 1 100 1 100 [773] [775] 0
775 1 [774] [773] 1 100 1 100 [774] [776] 0
776 1 [773] [772] 1 100 1 100 [775] [777] 0
777 1 [772] [771] 1 100 1 100 [776] [778] 0
778 1 [771] [770] 1 100 1 100 [777] [779] 0
779 1 [770] [769] 1 100 1 100 [778] [780] 0
780 1 [769] [768] 1 100 1 100 [779] [781] 0
781 1 [768] [767] 1 100 1 100 [780] [782] 0
782 1 [767] [766] 1 100 1 100 [781] [783] 0
783 1 [766] [765] 1 100 1 100 [782] [784] 0
784 1 [765] [764] 1 100 1 100 [783] [785] 0
785 1 [764] [763] 1 100 1 100 [784] [786] 0
786 1 [763] [762] 1 100 1 100 [785] [787] 0
787 1 [762] [761] 1 100 1 100 [786] [788] 0
788 1 [761] [760] 1 100 1 100 [787] [789] 0
789 1 [760] [759] 1 100 1 100 [788] [790] 0
790 1 [759] [758] 1 100 1 100 [789] [791] 0
791 1 [758] [757] 1 100 1 100 [790] [792] 0
792 1 [757] [756] 1 100 1 100 [791] [793] 0
793 1 [756] [755] 1 100 1 100 [792] [794] 0
794 1 [755] [754] 1 100 1 100 [793] [795] 0
795 1 [754] [753] 1 100 1 100 [794] [796] 0
796 1 [753] [752] 1 100 1 100 [795] [797] 0
797 1 [752] [751] 1 100 1 100 [796] [798] 0
798 1 [751] [750] 1 100 1 100 [797] [799] 0
799 1 [750] [800] 1 100 1 100 [798] [800] 0
800 1 [800] [801] 1 100 1 100 [799] [801] 0
801 1 [801] [802] 1 100 1 100 [800] [802] 0
802 1 [802] [803] 1 100 1 100 [801] [803] 0
803 1 [803] [804] 1 100 1 100 [802] [804] 0
804 1 [804] [805] 1 100 1 100 [803] [805] 0
805 1 [805] [806] 1 100 1 100 [804] [806] 0
806 1 [806] [807] 1 100 1 100 [805] [807] 0
807 1 [807] [808] 1 100 1 100 [806] [808] 0
808 1 [808] [809] 1 100 1 100 [807] [809] 0
809 1 [809] [810] 1 100 1 100 [808] [810] 0
810 1 [810] [811] 1 100 1 100 [809] [811] 0
811 1 [811] [812] 1 100 1 100 [810] [812] 0
812 1 [812] [813] 1 100 1 100 [811] [813] 0
813 1 [813] [814] 1 100 1 100 [812] [814] 0
814 1 [814] [815] 1 100 1 100 [813] [815] 0
815 1 [815] [816] 1 100 1 100 [814] [816] 0
816 1 [816] [817] 1 100 1 100 [815] [817] 0
817 1 [817] [818] 1 100 1 100 [816] [818] 0
818 1 [818] [819] 1 100 1 100 [817] [819] 0
819 1 [819] [820] 1 100 1 100 [818] [820] 0
820 1 [820] [821] 1 100 1 100 [819] [821] 0
821 1 [821] [822] 1 100 1 100 [820] [822] 0
822 1 [822] [823] 1 100 1 100 [821] [823] 0
823 1 [823] [824] 1 100 1 100 [822] [824] 0
824 1 [824] [825] 1 100 1 100 [823] [825] 0
825 1 [825] [826] 1 100 1 100 [824] [826] 0
826 1 [826] [827] 1 100 1 100 [825] [827] 0
827 1 [827] [828] 1 100 1 100 [826] [828] 0
828 1 [828] [829] 1 100 1 100 [827] [829] 0
829 1 [829] [830] 1 100 1 100 [828] [830] 0
830 1 [830] [831] 1 100 1 100 [829] [831] 0
831 1 [831] [832] 1 100 1 100 [830] [832] 0
832 1 [832] [833] 1 100 1 100 [831] [833] 0
833 1 [833] [834] 1 100 1 100 [832] [834] 0
834 1 [834] [835] 1 100 1 100 [833] [835] 0
835 1 [835] [836] 1 100 1 100 [834] [836] 0
836 1 [836] [837] 1 100 1 100 [835] [837] 0
837 1 [837] [838] 1 100 1 100 [836] [838] 0
838 1 [838] [839] 1 100 1 100 [837] [839] 0
839 1 [839] [840] 1 100 1 100 [838] [840] 0
840 1 [840] [841] 1 100 1 100 [839] [841] 0
841 1 [841] [842] 1 100 1 100 [840] [842] 0
842 1 [842] [843] 1 100 1 100 [841] [843] 0
843 1 [843] [844] 1 100 1 100 [842] [844] 0
844 1 [844] [845] 1 100 1 100 [843] [845] 0
845 1 [845] [846] 1 100 1 100 [844] [846] 0
846 1 [846] [847] 1 100 1 100 [845] [847] 0
847 1 [847] [848] 1 100 1 100 [846] [848] 0
848 1 [848] [849] 1 100 1 100 [847] [849] 0
849 1 [849] [899] 1 100 1 100 [848] [850] 0
850 1 [899] [898] 1 100 1 100 [849] [851] 0
851 1 [898] [897] 1 100 1 100 [850] [852] 0
852 1 [897] [896] 1 100 1 100 [851] [853] 0
853 1 [896] [895] 1 100 1 100 [852] [854] 0
854 1 [895] [894] 1 100 1 100 [853] [855] 0
855 1 [894] [893] 1 100 1 100 [854] [856] 0
856 1 [893] [892] 1 100 1 100 [855] [857] 0
857 1 [892] [891] 1 100 1 100 [856] [858] 0
858 1 [891] [890] 1 100 1 100 [857] [859] 0
859 1 [890] [889] 1 100 1 100 [858] [860] 0
860 1 [889] [888] 1 100 1 100 [859] [861] 0
861 1 [888] [887] 1 100 1 100 [860] [862] 0
862 1 [887] [886] 1 100 1 100 [861] [863] 0
863 1 [886] [885] 1 100 1 100 [862] [864] 0
864 1 [885] [884] 1 100 1 100 [863] [865] 0
865 1 [884] [883] 1 100 1 100 [864] [866] 0
866 1 [883] [882] 1 100 1 100 [865] [867] 0
867 1 [882] [881] 1 100 1 100 [866] [868] 0
868 1 [881] [880] 1 100 1 100 [867] [869] 0
869 1 [880] [879] 1 100 1 100 [868] [870] 0
870 1 [879] [878] 1 100 1 100 [869] [871] 0
871 1 [878] [877] 1 100 1 100 [870] [872] 0
872 1 [877] [876] 1 100 1 100 [871] [873] 0
873 1 [876] [875] 1 100 1 100 [872] [874] 0
874 1 [875] [874] 1 100 1 100 [873] [875] 0
875 1 [874] [873] 1 100 1 100 [874] [876] 0
876 1 [873] [872] 1 100 1 100 [875] [877] 0
877 1 [872] [871] 1 100 1 100 [876] [878] 0
878 1 [871] [870] 1 100 1 100 [877] [879] 0
879 1 [870] [869] 1 100 1 100 [878] [880] 0
880 1 [869] [868] 1 100 1 100 [879] [881] 0
881 1 [868] [867] 1 100 1 100 [880] [882] 0
882 1 [867] [866] 1 100 1 100 [881] [883] 0
883 1 [866] [865] 1 100 1 100 [882] [884] 0
884 1 [865] [864] 1 100 1 100 [883] [885] 0
885 1 [864] [863] 1 100 1 100 [884] [886] 0
886 1 [863] [862] 1 100 1 100 [885] [887] 0
887 1 [862] [861] 1 100 1 100 [886] [888] 0
888 1 [861] [860] 1 100 1 100 [887] [889] 0
889 1 [860] [859] 1 100 1 100 [888] [890] 0
890 1 [859] [858] 1 100 1 100 [889] [891] 0
891 1 [858] [857] 1 100 1 100 [890] [892] 0
892 1 [857] [856] 1 100 1 100 [891] [893] 0
893 1 [856] [855] 1 100 1 100 [892] [894] 0
894 1 [855] [854] 1 100 1 100 [893] [895] 0
895 1 [854] [853] 1 100 1 100 [894] [896] 0
896 1 [853] [852] 1 100 1 100 [895] [897] 0
897 1 [852] [851] 1 100 1 100 [896] [898] 0
898 1 [851] [850] 1 100 1 100 [897] [899] 0
899 1 [850] [900] 1 100 1 100 [898] [900] 0
900 1 [900] [901] 1 100 1 100 [899] [901] 0
901 1 [901] [902] 1 100 1 100 [900] [902] 0
902 1 [902] [903] 1 100 1 100 [901] [903] 0
903 1 [903] [904] 1 100 1 100 [902] [904] 0
904 1 [904] [905] 1 100 1 100 [903] [905] 0
905 1 [905] [906] 1 100 1 100 [904] [906] 0
906 1 [906] [907] 1 100 1 100 [905] [907] 0
907 1 [907] [908] 1 100 1 100 [906] [908] 0
908 1 [908] [909] 1 100 1 100 [907] [909] 0
909 1 [909] [910] 1 100 1 100 [908] [910] 0
910 1 [910] [911] 1 100 1 100 [909] [911] 0
911 1 [911] [912] 1 100 1 100 [910] [912] 0
912 1 [912] [913] 1 100 1 100 [911] [913] 0
913 1 [913] [914] 1 100 1 100 [912] [914] 0
914 1 [914] [915] 1 100 1 100 [913] [915] 0
915 1 [915] [916] 1 100 1 100 [914] [916] 0
916 1 [916] [917] 1 100 1 100 [915] [917] 0
917 1 [917] [918] 1 100 1 100 [916] [918] 0
918 1 [918] [919] 1 100 1 100 [917] [919] 0
919 1 [919] [920] 1 100 1 100 [918] [920] 0
920 1 [920] [921] 1 100 1 100 [919] [921] 0
921 1 [921] [922] 1 100 1 100 [920] [922] 0
922 1 [922] [923] 1 100 1 100 [921] [923] 0
923 1 [923] [924] 1 100 1 100 [922] [924] 0
924 1 [924] [925] 1 100 1 100 [923] [925] 0
925 1 [925] [926] 1 100 1 100 [924] [926] 0
926 1 [926] [927] 1 100 1 100 [925] [927] 0
927 1 [927] [928] 1 100 1 100 [926] [928] 0
928 1 [928] [929] 1 100 1 100 [927] [929] 0
929 1 [929] [930] 1 100 1 100 [928] [930] 0
930 1 [930] [931] 1 100 1 100 [929] [931] 0
931 1 [931] [932] 1 100 1 100 [930] [932] 0
932 1 [932] [933] 1 100 1 100 [931] [933] 0
933 1 [933] [934] 1 100 1 100 [932] [934] 0
934 1 [934] [935] 1 100 1 100 [933] [935] 0
935 1 [935] [936] 1 100 1 100 [934] [936] 0
936 1 [936] [937] 1 100 1 100 [935] [937] 0
937 1 [937] [938] 1 100 1 100 [936] [938] 0
938 1 [938] [939] 1 100 1 100 [937] [939] 0
939 1 [939] [940] 1 100 1 100 [938] [940] 0
940 1 [940] [941] 1 100 1 100 [939] [941] 0
941 1 [941] [942] 1 100 1 100 [940] [942] 0
942 1 [942] [943] 1 100 1 100 [941] [943] 0
943 1 [943] [944] 1 100 1 100 [942] [944] 0
944 1 [944] [945] 1 100 1 100 [943] [945] 0
945 1 [945] [946] 1 100 1 100 [944] [946] 0
946 1 [946] [947] 1 100 1 100 [945] [947] 0
947 1 [947] [948] 1 100 1 100 [946] [948] 0
948 1 [948] [949] 1 100 1 100 [947] [949] 0
949 1 [949] [999] 1 100 1 100 [948] [950] 0
950 1 [999] [998] 1 100 1 100 [949] [951] 0
951 1 [998] [997] 1 100 1 100 [950] [952] 0
952 1 [997] [996] 1 100 1 100 [951] [953] 0
953 1 [996] [995] 1 100 1 100 [952] [954] 0
954 1 [995] [994] 1 100 1 100 [953] [955] 0
955 1 [994] [993] 1 100 1 100 [954] [956] 0
956 1 [993] [992] 1 100 1 100 [955] [957] 0
957 1 [992] [991] 1 100 1 100 [956] [958] 0
958 1 [991] [990] 1 100 1 100 [957] [959] 0
959 1 [990] [989] 1 100 1 100 [958] [960] 0
960 1 [989] [988] 1 100 1 100 [959] [961] 0
961 1 [988] [987] 1 100 1 100 [960] [962] 0
962 1 [987] [986] 1 100 1 100 [961] [963] 0
963 1 [986] [985] 1 100 1 100 [962] [964] 0
964 1 [985] [984] 1 100 1 100 [963] [965] 0
965 1 [984] [983] 1 100 1 100 [964] [966] 0
966 1 [983] [982] 1 100 1 100 [965] [967] 0
967 1 [982] [981] 1 100 1 100 [966] [968] 0
968 1 [981] [980] 1 100 1 100 [967] [969] 0
969 1 [980] [979] 1 100 1 100 [968] [970] 0
970 1 [979] [978] 1 100 1 100 [969] [971] 0
971 1 [978] [977] 1 100 1 100 [970] [972] 0
972 1 [977] [976] 1 100 1 100 [971] [973] 0
973 1 [976] [975] 1 100 1 100 [972] [974] 0
974 1 [975] [974] 1 100 1 100 [973] [975] 0
975 1 [974] [973] 1 100 1 100 [974] [976] 0
976 1 [973] [972] 1 100 1 100 [975] [977] 0
977 1 [972] [971] 1 100 1 100 [976] [978] 0
978 1 [971] [970] 1 100 1 100 [977] [979] 0
979 1 [970] [969] 1 100 1 100 [978] [980] 0
980 1 [969] [968] 1 100 1 100 [979] [981] 0
981 1 [968] [967] 1 100 1 100 [980] [982] 0
982 1 [967] [966] 1 100 1 100 [981] [983] 0
983 1 [966] [965] 1 100 1 100 [982] [984] 0
984 1 [965] [964] 1 100 1 100 [983] [985] 0
985 1 [964] [963] 1 100 1 100 [984] [986] 0
986 1 [963] [962] 1 100 1 100 [985] [987] 0
987 1 [962] [961] 1 100 1 100 [986] [988] 0
988 1 [961] [960] 1 100 1 100 [987] [989] 0
989 1 [960] [959] 1 100 1 100 [988] [990] 0
990 1 [959] [958] 1 100 1 100 [989] [991] 0
991 1 [958] [957] 1 100 1 100 [990] [992] 0
992 1 [957] [956] 1 100 1 100 [991] [993] 0
993 1 [956] [955] 1 100 1 100 [992] [994] 0
994 1 [955] [954] 1 100 1 100 [993] [995] 0
995 1 [954] [953] 1 100 1 100 [994] [996] 0
996 1 [953] [952] 1 100 1 100 [995] [997] 0
997 1 [952] [951] 1 100 1 100 [996] [998] 0
998 1 [951] [950] 1 100 1 100 [997] [999] 0
999 1 [950] [1000] 1 100 1 100 [998] [1000] 0
1000 1 [1000] [1001] 1 100 1 100 [999] [1001] 0
1001 1 [1001] [1002] 1 100 1 100 [1000] [1002] 0
1002 1 [1002] [1003] 1 100 1 100 [1001] [1003] 0
1003 1 [1003] [1004] 1 100 1 100 [1002] [1004] 0
1004 1 [1004] [1005] 1 100 1 100 [1003] [1005] 0
1005 1 [1005] [1006] 1 100 1 100 [1004] [1006] 0
1006 1 [1006] [1007] 1 100 1 100 [1005] [1007] 0
1007 1 [1007] [1008] 1 100 1 100 [1006] [1008] 0
1008 1 [1008] [1009] 1 100 1 100 [1007] [1009] 0
1009 1 [1009] [1010] 1 100 1 100 [1008] [1010] 0
1010 1 [1010] [1011] 1 100 1 100 [1009] [1011] 0
1011 1 [1011] [1012] 1 100 1 100 [1010] [1012] 0
1012 1 [1012] [1013] 1 100 1 100 [1011] [1013] 0
1013 1 [1013] [1014] 1 100 1 100 [1012] [1014] 0
1014 1 [1014] [1015] 1 100 1 100 [1013] [1015] 0
1015 1 [1015] [1016] 1 100 1 100 [1014] [1016] 0
1016 1 [1016] [1017] 1 100 1 100 [1015] [1017] 0
1017 1 [1017] [1018] 1 100 1 100 [1016] [1018] 0
1018 1 [1018] [1019] 1 100 1 100 [1017] [1019] 0
1019 1 [1019] [1020] 1 100 1 100 [1018] [1020] 0
1020 1 [1020] [1021] 1 100 1 100 [1019] [1021] 0
1021 1 [1021] [1022] 1 100 1 100 [1020] [1022] 0
1022 1 [1022] [1023] 1 100 1 100 [1021] [1023] 0
1023 1 [1023] [1024] 1 100 1 100 [1022] [1024] 0
1024 1 [1024] [1025] 1 100 1 100 [1023] [1025] 0
1025 1 [1025] [1026] 1 100 1 100 [1024] [1026] 0
1026 1 [1026] [1027] 1 100 1 100 [1025] [1027] 0
1027 1 [1027] [1028] 1 100 1 100 [1026] [1028] 0
1028 1 [1028] [1029] 1 100 1 100 [1027] [1029] 0
1029 1 [1029] [1030] 1 100 1 100 [1028] [1030] 0
1030 1 [1030] [1031] 1 100 1 100 [1029] [1031] 0
1031 1 [1031] [1032] 1 100 1 100 [1030] [1032] 0
1032 1 [1032] [1033] 1 100 1 100 [1031] [1033] 0
1033 1 [1033] [1034] 1 100 1 100 [1032] [1034] 0
1034 1 [1034] [1035] 1 100 1 100 [1033] [1035] 0
1035 1 [1035] [1036] 1 100 1 100 [1034] [1036] 0
1036 1 [1036] [1037] 1 100 1 100 [1035] [1037] 0
1037 1 [1037] [1038] 1 100 1 100 [1036] [1038] 0
1038 1 [1038] [1039] 1 100 1 100 [1037] [1039] 0
1039 1 [1039] [1040] 1 100 1 100 [1038] [1040] 0
1040 1 [1040] [1041] 1 100 1 100 [1039] [1041] 0
1041 1 [1041] [1042] 1 100 1 100 [1040] [1042] 0
1042 1 [1042] [1043] 1 100 1 100 [1041] [1043] 0
1043 1 [1043] [1044] 1 100 1 100 [1042] [1044] 0
1044 1 [1044] [1045] 1 100 1 100 [1043] [1045] 0
1045 1 [1045] [1046] 1 100 1 100 [1044] [1046] 0
1046 1 [1046] [1047] 1 100 1 100 [1045] [1047] 0
1047 1 [1047] [1048] 1 100 1 100 [1046] [1048] 0
1048 1 [1048] [1049] 1 100 1 100 [1047] [1049] 0
1049 1 [1049] [1099] 1 100 1 100 [1048] [1050] 0
1050 1 [1099] [1098] 1 100 1 100 [1049] [1051] 0
1051 1 [1098] [1097] 1 100 1 100 [1050] [1052] 0
1052 1 [1097] [1096] 1 100 1 100 [1051] [1053] 0
1053 1 [1096] [1095] 1 100 1 100 [1052] [1054] 0
1054 1 [1095] [1094] 1 100 1 100 [1053] [1055] 0
1055 1 [1094] [1093] 1 100 1 100 [1054] [1056] 0
1056 1 [1093] [1092] 1 100 1 100 [1055] [1057] 0
1057 1 [1092] [1091] 1 100 1 100 [1056] [1058] 0
1058 1 [1091] [1090] 1 100 1 100 [1057] [1059] 0
1059 1 [1090] [1089] 1 100 1 100 [1058] [1060] 0
1060 1 [1089] [1088] 1 100 1 100 [1059] [1061] 0
1061 1 [1088] [1087] 1 100 1 100 [1060] [1062] 0
1062 1 [1087] [1086] 1 100 1 100 [1061] [1063] 0
1063 1 [1086] [1085] 1 100 1 100 [1062] [1064] 0
1064 1 [1085] [1084] 1 100 1 100 [1063] [1065] 0
1065 1 [1084] [1083] 1 100 1 100 [1064] [1066] 0
1066 1 [1083] [1082] 1 100 1 100 [1065] [1067] 0
1067 1 [1082] [1081] 1 100 1 100 [1066] [1068] 0
1068 1 [1081] [1080] 1 100 1 100 [1067] [1069] 0
1069 1 [1080] [1079] 1 100 1 100 [1068] [1070] 0
1070 1 [1079] [1078] 1 100 1 100 [1069] [1071] 0
1071 1 [1078] [1077] 1 100 1 100 [1070] [1072] 0
1072 1 [1077] [1076] 1 100 1 100 [1071] [1073] 0
1073 1 [1076] [1075] 1 100 1 100 [1072] [1074] 0
1074 1 [1075] [1074] 1 100 1 100 [1073] [1075] 0
1075 1 [1074] [1073] 1 100 1 100 [1074] [1076] 0
1076 1 [1073] [1072] 1 100 1 100 [1075] [1077] 0
1077 1 [1072] [1071] 1 100 1 100 [1076] [1078] 0
1078 1 [1071] [1070] 1 100 1 100 [1077] [1079] 0
1079 1 [1070] [1069] 1 100 1 100 [1078] [1080] 0
1080 1 [1069] [1068] 1 100 1 100 [1079] [1081] 0
1081 1 [1068] [1067] 1 100 1 100 [1080] [1082] 0
1082 1 [1067] [1066] 1 100 1 100 [1081] [1083] 0
1083 1 [1066] [1065] 1 100 1 100 [1082] [1084] 0
1084 1 [1065] [1064] 1 100 1 100 [1083] [1085] 0
1085 1 [1064] [1063] 1 100 1 100 [1084] [1086] 0
1086 1 [1063] [1062] 1 100 1 100 [1085] [1087] 0
1087 1 [1062] [1061] 1 100 1 100 [1086] [1088] 0
1088 1 [1061] [1060] 1 100 1 100 [1087] [1089] 0
1089 1 [1060] [1059] 1 100 1 100 [1088] [1090] 0
1090 1 [1059] [1058] 1 100 1 100 [1089] [1091] 0
1091 1 [1058] [1057] 1 100 1 100 [1090] [1092] 0
1092 1 [1057] [1056] 1 100 1 100 [1091] [1093] 0
1093 1 [1056] [1055] 1 100 1 100 [1092] [1094] 0
1094 1 [1055] [1054] 1 100 1 100 [1093] [1095] 0
1095 1 [1054] [1053] 1 100 1 100 [1094] [1096] 0
1096 1 [1053] [1052] 1 100 1 100 [1095] [1097] 0
1097 1 [1052] [1051] 1 100 1 100 [1096] [1098] 0
1098 1 [1051] [1050] 1 100 1 100 [1097] [1099] 0
1099 1 [1050] [1100] 1 100 1 100 [1098] [1100] 0
1100 1 [1100] [1101] 1 100 1 100 [1099] [1101] 0
1101 1 [1101] [1102] 1 100 1 100 [1100] [1102] 0
1102 1 [1102] [1103] 1 100 1 100 [1101] [1103] 0
1103 1 [1103] [1104] 1 100 1 100 [1102] [1104] 0
1104 1 [1104] [1105] 1 100 1 100 [1103] [1105] 0
1105 1 [1105] [1106] 1 100 1 100 [1104] [1106] 0
1106 1 [1106] [1107] 1 100 1 100 [1105] [1107] 0
1107 1 [1107] [1108] 1 100 1 100 [1106] [1108] 0
1108 1 [1108] [1109] 1 100 1 100 [1107] [1109] 0
1109 1 [1109] [1110] 1 100 1 100 [1108] [1110] 0
1110 1 [1110] [1111] 1 100 1 100 [1109] [1111] 0
1111 1 [1111] [1112] 1 100 1 100 [1110] [1112] 0
1112 1 [1112] [1113] 1 100 1 100 [1111] [1113] 0
1113 1 [1113] [1114] 1 100 1 100 [1112] [1114] 0
1114 1 [1114] [1115] 1 100 1 100 [1113] [1115] 0
1115 1 [1115] [1116] 1 100 1 100 [1114] [1116] 0
1116 1 [1116] [1117] 1 100 1 100 [1115] [1117] 0
1117 1 [1117] [1118] 1 100 1 100 [1116] [1118] 0
1118 1 [1118] [1119] 1 100 1 100 [1117] [1119] 0
1119 1 [1119] [1120] 1 100 1 100 [1118] [1120] 0
1120 1 [1120] [1121] 1 100 1 100 [1119] [1121] 0
1121 1 [1121] [1122] 1 100 1 100 [1120] [1122] 0
1122 1 [1122] [1123] 1 100 1 100 [1121] [1123] 0
1123 1 [1123] [1124] 1 100 1 100 [1122] [1124] 0
1124 1 [1124] [1125] 1 100 1 100 [1123] [1125] 0
1125 1 [1125] [1126] 1 100 1 100 [1124] [1126] 0
1126 1 [1126] [1127] 1 100 1 100 [1125] [1127] 0
1127 1 [1127] [1128] 1 100 1 100 [1126] [1128] 0
1128 1 [1128] [1129] 1 100 1 100 [1127] [1129] 0
1129 1 [1129] [1130] 1 100 1 100 [1128] [1130] 0
1130 1 [1130] [1131] 1 100 1 100 [1129] [1131] 0
1131 1 [1131] [1132] 1 100 1 100 [1130] [1132] 0
1132 1 [1132] [1133] 1 100 1 100 [1131] [1133] 0
1133 1 [1133] [1134] 1 100 1 100 [1132] [1134] 0
1134 1 [1134] [1135] 1 100 1 100 [1133] [1135] 0
1135 1 [1135] [1136] 1 100 1 100 [1134] [1136] 0
1136 1 [1136] [1137] 1 100 1 100 [1135] [1137] 0
1137 1 [1137] [1138] 1 100 1 100 [1136] [1138] 0
1138 1 [1138] [1139] 1 100 1 100 [1137] [1139] 0
1139 1 [1139] [1140] 1 100 1 100 [1138] [1140] 0
1140 1 [1140] [1141] 1 100 1 100 [1139] [1141] 0
1141 1 [1141] [1142] 1 100 1 100 [1140] [1142] 0
1142 1 [1142] [1143] 1 100 1 100 [1141] [1143] 0
1143 1 [1143] [1144] 1 100 1 100 [1142] [1144] 0
1144 1 [1144] [1145] 1 100 1 100 [1143] [1145] 0
1145 1 [1145] [1146] 1 100 1 100 [1144] [1146] 0
1146 1 [1146] [1147] 1 100 1 100 [1145] [1147] 0
1147 1 [1147] [1148] 1 100 1 100 [1146] [1148] 0
1148 1 [1148] [1149] 1 100 1 100 [1147] [1149] 0
1149 1 [1149] [1199] 1 100 1 100 [1148] [1150] 0
1150 1 [1199] [1198] 1 100 1 100 [1149] [1151] 0
1151 1 [1198] [1197] 1 100 1 100 [1150] [1152] 0
1152 1 [1197] [1196] 1 100 1 100 [1151] [1153] 0
1153 1 [1196] [1195] 1 100 1 100 [1152] [1154] 0
1154 1 [1195] [1194] 1 100 1 100 [1153] [1155] 0
1155 1 [1194] [1193] 1 100 1 100 [1154] [1156] 0
1156 1 [1193] [1192] 1 100 1 100 [1155] [1157] 0
1157 1 [1192] [1191] 1 100 1 100 [1156] [1158] 0
1158 1 [1191] [1190] 1 100 1 100 [1157] [1159] 0
1159 1 [1190] [1189] 1 100 1 100 [1158] [1160] 0
1160 1 [1189] [1188] 1 100 1 100 [1159] [1161] 0
1161 1 [1188] [1187] 1 100 1 100 [1160] [1162] 0
1162 1 [1187] [1186] 1 100 1 100 [1161] [1163] 0
1163 1 [1186] [1185] 1 100 1 100 [1162] [1164] 0
1164 1 [1185] [1184] 1 100 1 100 [1163] [1165] 0
1165 1 [1184] [1183] 1 100 1 100 [1164] [1166] 0
1166 1 [1183] [1182] 1 100 1 100 [1165] [1167] 0
1167 1 [1182] [1181] 1 100 1 100 [1166] [1168] 0
1168 1 [1181] [1180] 1 100 1 100 [1167] [1169] 0
1169 1 [1180] [1179] 1 100 1 100 [1168] [1170] 0
1170 1 [1179] [1178] 1 100 1 100 [1169] [1171] 0
1171 1 [1178] [1177] 1 100 1 100 [1170] [1172] 0
1172 1 [1177] [1176] 1 100 1 100 [1171] [1173] 0
1173 1 [1176] [1175] 1 100 1 100 [1172] [1174] 0
1174 1 [1175] [1174] 1 100 1 100 [1173] [1175] 0
1175 1 [1174] [1173] 1 100 1 100 [1174] [1176] 0
1176 1 [1173] [1172] 1 100 1 100 [1175] [1177] 0
1177 1 [1172] [1171] 1 100 1 100 [1176] [1178] 0
1178 1 [1171] [1170] 1 100 1 100 [1177] [1179] 0
1179 1 [1170] [1169] 1 100 1 100 [1178] [1180] 0
1180 1 [1169] [1168] 1 100 1 100 [1179] [1181] 0
1181 1 [1168] [1167] 1 100 1 100 [1180] [1182] 0
1182 1 [1167] [1166] 1 100 1 100 [1181] [1183] 0
1183 1 [1166] [1165] 1 100 1 100 [1182] [1184] 0
1184 1 [1165] [1164] 1 100 1 100 [1183] [1185] 0
1185 1 [1164] [1163] 1 100 1 100 [1184] [1186] 0
1186 1 [1163] [1162] 1 100 1 100 [1185] [1187] 0
1187 1 [1162] [1161] 1 100 1 100 [1186] [1188] 0
1188 1 [1161] [1160] 1 100 1 100 [1187] [1189] 0
1189 1 [1160] [1159] 1 100 1 100 [1188] [1190] 0
1190 1 [1159] [1158] 1 100 1 100 [1189] [1191] 0
1191 1 [1158] [1157] 1 100 1 100 [1190] [1192] 0
1192 1 [1157] [1156] 1 100 1 100 [1191] [1193] 0
1193 1 [1156] [1155] 1 100 1 100 [1192] [1194] 0
1194 1 [1155] [1154] 1 100 1 100 [1193] [1195] 0
1195 1 [1154] [1153] 1 100 1 100 [1194] [1196] 0
1196 1 [1153] [1152] 1 100 1 100 [1195] [1197] 0
1197 1 [1152] [1151] 1 100 1 100 [1196] [1198] 0
1198 1 [1151] [1150] 1 100 1 100 [1197] [1199] 0
1199 1 [1150] [1200] 1 100 1 100 [1198] [1200] 0
1200 1 [1200] [1201] 1 100 1 100 [1199] [1201] 0
1201 1 [1201] [1202] 1 100 1 100 [1200] [1202] 0
1202 1 [1202] [1203] 1 100 1 100 [1201] [1203] 0
1203 1 [1203] [1204] 1 100 1 100 [1202] [1204] 0
1204 1 [1204] [1205] 1 100 1 100 [1203] [1205] 0
1205 1 [1205] [1206] 1 100 1 100 [1204] [1206] 0
1206 1 [1206] [1207] 1 100 1 100 [1205] [1207] 0
1207 1 [1207] [1208] 1 100 1 100 [1206] [1208] 0
1208 1 [1208] [1209] 1 100 1 100 [1207] [1209] 0
1209 1 [1209] [1210] 1 100 1 100 [1208] [1210] 0
1210 1 [1210] [1211] 1 100 1 100 [1209] [1211] 0
1211 1 [1211] [1212] 1 100 1 100 [1210] [1212] 0
1212 1 [1212] [1213] 1 100 1 100 [1211] [1213] 0
1213 1 [1213] [1214] 1 100 1 100 [1212] [1214] 0
1214 1 [1214] [1215] 1 100 1 100 [1213] [1215] 0
1215 1 [1215] [1216] 1 100 1 100 [1214] [1216] 0
1216 1 [1216] [1217] 1 100 1 100 [1215] [1217] 0
1217 1 [1217] [1218] 1 100 1 100 [1216] [1218] 0
1218 1 [1218] [1219] 1 100 1 100 [1217] [1219] 0
1219 1 [1219] [1220] 1 100 1 100 [1218] [1220] 0
1220 1 [1220] [1221] 1 100 1 100 [1219] [1221] 0
1221 1 [1221] [1222] 1 100 1 100 [1220] [1222] 0
1222 1 [1222] [1223] 1 100 1 100 [1221] [1223] 0
1223 1 [1223] [1224] 1 100 1 100 [1222] [1224] 0
1224 1 [1224] [1225] 1 100 1 100 [1223] [1225] 0
1225 1 [1225] [1226] 1 100 1 100 [1224] [1226] 0
1226 1 [1226] [1227] 1 100 1 100 [1225] [1227] 0
1227 1 [1227] [1228] 1 100 1 100 [1226] [1228] 0
1228 1 [1228] [1229] 1 100 1 100 [1227] [1229] 0
1229 1 [1229] [1230] 1 100 1 100 [1228] [1230] 0
1230 1 [1230] [1231] 1 100 1 100 [1229] [1231] 0
1231 1 [1231] [1232] 1 100 1 100 [1230] [1232] 0
1232 1 [1232] [1233] 1 100 1 100 [1231] [1233] 0
1233 1 [1233] [1234] 1 100 1 100 [1232] [1234] 0
1234 1 [1234] [1235] 1 100 1 100 [1233] [1235] 0
1235 1 [1235] [1236] 1 100 1 100 [1234] [1236] 0
1236 1 [1236] [1237] 1 100 1 100 [1235] [1237] 0
1237 1 [1237] [1238] 1 100 1 100 [1236] [1238] 0
1238 1 [1238] [1239] 1 100 1 100 [1237] [1239] 0
1239 1 [1239] [1240] 1 100 1 100 [1238] [1240] 0
1240 1 [1240] [1241] 1 100 1 100 [1239] [1241] 0
1241 1 [1241] [1242] 1 100 1 100 [1240] [1242] 0
1242 1 [1242] [1243] 1 100 1 100 [1241] [1243] 0
1243 1 [1243] [1244] 1 100 1 100 [1242] [1244] 0
1244 1 [1244] [1245] 1 100 1 100 [1243] [1245] 0
1245 1 [1245] [1246] 1 100 1 100 [1244] [1246] 0
1246 1 [1246] [1247] 1 100 1 100 [1245] [1247] 0
1247 1 [1247] [1248] 1 100 1 100 [1246] [1248] 0
1248 1 [1248] [1249] 1 100 1 100 [1247] [1249] 0
1249 1 [1249] [1299] 1 100 1 100 [1248] [1250] 0
1250 1 [1299] [1298] 1 100 1 100 [1249] [1251] 0
1251 1 [1298] [1297] 1 100 1 100 [1250] [1252] 0
1252 1 [1297] [1296] 1 100 1 100 [1251] [1253] 0
1253 1 [1296] [1295] 1 100 1 100 [1252] [1254] 0
1254 1 [1295] [1294] 1 100 1 100 [1253] [1255] 0
1255 1 [1294] [1293] 1 100 1 100 [1254] [1256] 0
1256 1 [1293] [1292] 1 100 1 100 [1255] [1257] 0
1257 1 [1292] [1291] 1 100 1 100 [1256] [1258] 0
1258 1 [1291] [1290] 1 100 1 100 [1257] [1259] 0
1259 1 [1290] [1289] 1 100 1 100 [1258] [1260] 0
1260 1 [1289] [1288] 1 100 1 100 [1259] [1261] 0
1261 1 [1288] [1287] 1 100 1 100 [1260] [1262] 0
1262 1 [1287] [1286] 1 100 1 100 [1261] [1263] 0
1263 1 [1286] [1285] 1 100 1 100 [1262] [1264] 0
1264 1 [1285] [1284] 1 100 1 100 [1263] [1265] 0
1265 1 [1284] [1283] 1 100 1 100 [1264] [1266] 0
1266 1 [1283] [1282] 1 100 1 100 [1265] [1267] 0
1267 1 [1282] [1281] 1 100 1 100 [1266] [1268] 0
1268 1 [1281] [1280] 1 100 1 100 [1267] [1269] 0
1269 1 [1280] [1279] 1 100 1 100 [1268] [1270] 0
1270 1 [1279] [1278] 1 100 1 100 [1269] [1271] 0
1271 1 [1278] [1277] 1 100 1 100 [1270] [1272] 0
1272 1 [1277] [1276] 1 100 1 100 [1271] [1273] 0
1273 1 [1276] [1275] 1 100 1 100 [1272] [1274] 0
1274 1 [1275] [1274] 1 100 1 100 [1273] [1275] 0
1275 1 [1274] [1273] 1 100 1 100 [1274] [1276] 0
1276 1 [1273] [1272] 1 100 1 100 [1275] [1277] 0
1277 1 [1272] [1271] 1 100 1 100 [1276] [1278] 0
1278 1 [1271] [1270] 1 100 1 100 [1277] [1279] 0
1279 1 [1270] [1269] 1 100 1 100 [1278] [1280] 0
1280 1 [1269] [1268] 1 100 1 100 [1279] [1281] 0
1281 1 [1268] [1267] 1 100 1 100 [1280] [1282] 0
1282 1 [1267] [1266] 1 100 1 100 [1281] [1283] 0
1283 1 [1266] [1265] 1 100 1 100 [1282] [1284] 0
1284 1 [1265] [1264] 1 100 1 100 [1283] [1285] 0
1285 1 [1264] [1263] 1 100 1 100 [1284] [1286] 0
1286 1 [1263] [1262] 1 100 1 100 [1285] [1287] 0
1287 1 [1262] [1261] 1 100 1 100 [1286] [1288] 0
1288 1 [1261] [1260] 1 100 1 100 [1287] [1289] 0
1289 1 [1260] [1259] 1 100 1 100 [1288] [1290] 0
1290 1 [1259] [1258] 1 100 1 100 [1289] [1291] 0
1291 1 [1258] [1257] 1 100 1 100 [1290] [1292] 0
1292 1 [1257] [1256] 1 100 1 100 [1291] [1293] 0
1293 1 [1256] [1255] 1 100 1 100 [1292] [1294] 0
1294 1 [1255] [1254] 1 100 1 100 [1293] [1295] 0
1295 1 [1254] [1253] 1 100 1 100 [1294] [1296] 0
1296 1 [1253] [1252] 1 100 1 100 [1295] [1297] 0
1297 1 [1252] [1251] 1 100 1 100 [1296] [1298] 0
1298 1 [1251] [1250] 1 100 1 100 [1297] [1299] 0
1299 1 [1250] [1300] 1 100 1 100 [1298] [1300] 0
1300 1 [1300] [1301] 1 100 1 100 [1299] [1301] 0
1301 1 [1301] [1302] 1 100 1 100 [1300] [1302] 0
1302 1 [1302] [1303] 1 100 1 100 [1301] [1303] 0
1303 1 [1303] [1304] 1 100 1 100 [1302] [1304] 0
1304 1 [1304] [1305] 1 100 1 100 [1303] [1305] 0
1305 1 [1305] [1306] 1 100 1 100 [1304] [1306] 0
1306 1 [1306] [1307] 1 100 1 100 [1305] [1307] 0
1307 1 [1307] [1308] 1 100 1 100 [1306] [1308] 0
1308 1 [1308] [1309] 1 100 1 100 [1307] [1309] 0
1309 1 [1309] [1310] 1 100 1 100 [1308] [1310] 0
1310 1 [1310] [1311] 1 100 1 100 [1309] [1311] 0
1311 1 [1311] [1312] 1 100 1 100 [1310] [1312] 0
1312 1 [1312] [1313] 1 100 1 100 [1311] [1313] 0
1313 1 [1313] [1314] 1 100 1 100 [1312] [1314] 0
1314 1 [1314] [1315] 1 100 1 100 [1313] [1315] 0
1315 1 [1315] [1316] 1 100 1 100 [1314] [1316] 0
1316 1 [1316] [1317] 1 100 1 100 [1315] [1317] 0
1317 1 [1317] [1318] 1 100 1 100 [1316] [1318] 0
1318 1 [1318] [1319] 1 100 1 100 [1317] [1319] 0
1319 1 [1319] [1320] 1 100 1 100 [1318] [1320] 0
1320 1 [1320] [1321] 1 100 1 100 [1319] [1321] 0
1321 1 [1321] [1322] 1 100 1 100 [1320] [1322] 0
1322 1 [1322] [1323] 1 100 1 100 [1321] [1323] 0
1323 1 [1323] [1324] 1 100 1 100 [1322] [1324] 0
1324 1 [1324] [1325] 1 100 1 100 [1323] [1325] 0
1325 1 [1325] [1326] 1 100 1 100 [1324] [1326] 0
1326 1 [1326] [1327] 1 100 1 100 [1325] [1327] 0
1327 1 [1327] [1328] 1 100 1 100 [1326] [1328] 0
1328 1 [1328] [1329] 1 100 1 100 [1327] [1329] 0
1329 1 [1329] [1330] 1 100 1 100 [1328] [1330] 0
1330 1 [1330] [1331] 1 100 1 100 [1329] [1331] 0
1331 1 [1331] [1332] 1 100 1 100 [1330] [1332] 0
1332 1 [1332] [1333] 1 100 1 100 [1331] [1333] 0
1333 1 [1333] [1334] 1 100 1 100 [1332] [1334] 0
1334 1 [1334] [1335] 1 100 1 100 [1333] [1335] 0
1335 1 [1335] [1336] 1 100 1 100 [1334] [1336] 0
1336 1 [1336] [1337] 1 100 1 100 [1335] [1337] 0
1337 1 [1337] [1338] 1 100 1 100 [1336] [1338] 0
1338 1 [1338] [1339] 1 100 1 100 [1337] [1339] 0
1339 1 [1339] [1340] 1 100 1 100 [1338] [1340] 0
1340 1 [1340] [1341] 1 100 1 100 [1339] [1341] 0
1341 1 [1341] [1342] 1 100 1 100 [1340] [1342] 0
1342 1 [1342] [1343] 1 100 1 100 [1341] [1343] 0
1343 1 [1343] [1344] 1 100 1 100 [1342] [1344] 0
1344 1 [1344] [1345] 1 100 1 100 [1343] [1345] 0
1345 1 [1345] [1346] 1 100 1 100 [1344] [1346] 0
1346 1 [1346] [1347] 1 100 1 100 [1345] [1347] 0
1347 1 [1347] [1348] 1 100 1 100 [1346] [1348] 0
1348 1 [1348] [1349] 1 100 1 100 [1347] [1349] 0
1349 1 [1349] [1399] 1 100 1 100 [1348] [1350] 0
1350 1 [1399] [1398] 1 100 1 100 [1349] [1351] 0
1351 1 [1398] [1397] 1 100 1 100 [1350] [1352] 0
1352 1 [1397] [1396] 1 100 1 100 [1351] [1353] 0
1353 1 [1396] [1395] 1 100 1 100 [1352] [1354] 0
1354 1 [1395] [1394] 1 100 1 100 [1353] [1355] 0
1355 1 [1394] [1393] 1 100 1 100 [1354] [1356] 0
1356 1 [1393] [1392] 1 100 1 100 [1355] [1357] 0
1357 1 [1392] [1391] 1 100 1 100 [1356] [1358] 0
1358 1 [1391] [1390] 1 100 1 100 [1357] [1359] 0
1359 1 [1390] [1389] 1 100 1 100 [1358] [1360] 0
1360 1 [1389] [1388] 1 100 1 100 [1359] [1361] 0
1361 1 [1388] [1387] 1 100 1 100 [1360] [1362] 0
1362 1 [1387] [1386] 1 100 1 100 [1361] [1363] 0
1363 1 [1386] [1385] 1 100 1 100 [1362] [1364] 0
1364 1 [1385] [1384] 1 100 1 100 [1363] [1365] 0
1365 1 [1384] [1383] 1 100 1 100 [1364] [1366] 0
1366 1 [1383] [1382] 1 100 1 100 [1365] [1367] 0
1367 1 [1382] [1381] 1 100 1 100 [1366] [1368] 0
1368 1 [1381] [1380] 1 100 1 100 [1367] [1369] 0
1369 1 [1380] [1379] 1 100 1 100 [1368] [1370] 0
1370 1 [1379] [1378] 1 100 1 100 [1369] [1371] 0
1371 1 [1378] [1377] 1 100 1 100 [1370] [1372] 0
1372 1 [1377] [1376] 1 100 1 100 [1371] [1373] 0
1373 1 [1376] [1375] 1 100 1 100 [1372] [1374] 0
1374 1 [1375] [1374] 1 100 1 100 [1373] [1375] 0
1375 1 [1374] [1373] 1 100 1 100 [1374] [1376] 0
1376 1 [1373] [1372] 1 100 1 100 [1375] [1377] 0
1377 1 [1372] [1371] 1 100 1 100 [1376] [1378] 0
1378 1 [1371] [1370] 1 100 1 100 [1377] [1379] 0
1379 1 [1370] [1369] 1 100 1 100 [1378] [1380] 0
1380 1 [1369] [1368] 1 100 1 100 [1379] [1381] 0
1381 1 [1368] [1367] 1 100 1 100 [1380] [1382] 0
1382 1 [1367] [1366] 1 100 1 100 [1381] [1383] 0
1383 1 [1366] [1365] 1 100 1 100 [1382] [1384] 0
1384 1 [1365] [1364] 1 100 1 100 [1383] [1385] 0
1385 1 [1364] [1363] 1 100 1 100 [1384] [1386] 0
1386 1 [1363] [1362] 1 100 1 100 [1385] [1387] 0
1387 1 [1362] [1361] 1 100 1 100 [1386] [1388] 0
1388 1 [1361] [1360] 1 100 1 100 [1387] [1389] 0
1389 1 [1360] [1359] 1 100 1 100 [1388] [1390] 0
1390 1 [1359] [1358] 1 100 1 100 [1389] [1391] 0
1391 1 [1358] [1357] 1 100 1 100 [1390] [1392] 0
1392 1 [1357] [1356] 1 100 1 100 [1391] [1393] 0
1393 1 [1356] [1355] 1 100 1 100 [1392] [1394] 0
1394 1 [1355] [1354] 1 100 1 100 [1393] [1395] 0
1395 1 [1354] [1353] 1 100 1 100 [1394] [1396] 0
1396 1 [1353] [1352] 1 100 1 100 [1395] [1397] 0
1397 1 [1352] [1351] 1 100 1 100 [1396] [1398] 0
1398 1 [1351] [1350] 1 100 1 100 [1397] [1399] 0
1399 1 [1350] [1400] 1 100 1 100 [1398] [1400] 0
1400 1 [1400] [1401] 1 100 1 100 [1399] [1401] 0
1401 1 [1401] [1402] 1 100 1 100 [1400] [1402] 0
1402 1 [1402] [1403] 1 100 1 100 [1401] [1403] 0
1403 1 [1403] [1404] 1 100 1 100 [1402] [1404] 0
1404 1 [1404] [1405] 1 100 1 100 [1403] [1405] 0
1405 1 [1405] [1406] 1 100 1 100 [1404] [1406] 0
1406 1 [1406] [1407] 1 100 1 100 [1405] [1407] 0
1407 1 [1407] [1408] 1 100 1 100 [1406] [1408] 0
1408 1 [1408] [1409] 1 100 1 100 [1407] [1409] 0
1409 1 [1409] [1410] 1 100 1 100 [1408] [1410] 0
1410 1 [1410] [1411] 1 100 1 100 [1409] [1411] 0
1411 1 [1411] [1412] 1 100 1 100 [1410] [1412] 0
1412 1 [1412] [1413] 1 100 1 100 [1411] [1413] 0
1413 1 [1413] [1414] 1 100 1 100 [1412] [1414] 0
1414 1 [1414] [1415] 1 100 1 100 [1413] [1415] 0
1415 1 [1415] [1416] 1 100 1 100 [1414] [1416] 0
1416 1 [1416] [1417] 1 100 1 100 [1415] [1417] 0
1417 1 [1417] [1418] 1 100 1 100 [1416] [1418] 0
1418 1 [1418] [1419] 1 100 1 100 [1417] [1419] 0
1419 1 [1419] [1420] 1 100 1 100 [1418] [1420] 0
1420 1 [1420] [1421] 1 100 1 100 [1419] [1421] 0
1421 1 [1421] [1422] 1 100 1 100 [1420] [1422] 0
1422 1 [1422] [1423] 1 100 1 100 [1421] [1423] 0
1423 1 [1423] [1424] 1 100 1 100 [1422] [1424] 0
1424 1 [1424] [1425] 1 100 1 100 [1423] [1425] 0
1425 1 [1425] [1426] 1 100 1 100 [1424] [1426] 0
1426 1 [1426] [1427] 1 100 1 100 [1425] [1427] 0
1427 1 [1427] [1428] 1 100 1 100 [1426] [1428] 0
1428 1 [1428] [1429] 1 100 1 100 [1427] [1429] 0
1429 1 [1429] [1430] 1 100 1 100 [1428] [1430] 0
1430 1 [1430] [1431] 1 100 1 100 [1429] [1431] 0
1431 1 [1431] [1432] 1 100 1 100 [1430] [1432] 0
1432 1 [1432] [1433] 1 100 1 100 [1431] [1433] 0
1433 1 [1433] [1434] 1 100 1 100 [1432] [1434] 0
1434 1 [1434] [1435] 1 100 1 100 [1433] [1435] 0
1435 1 [1435] [1436] 1 100 1 100 [1434] [1436] 0
1436 1 [1436] [1437] 1 100 1 100 [1435] [1437] 0
1437 1 [1437] [1438] 1 100 1 100 [1436] [1438] 0
1438 1 [1438] [1439] 1 100 1 100 [1437] [1439] 0
1439 1 [1439] [1440] 1 100 1 100 [1438] [1440] 0
1440 1 [1440] [1441] 1 100 1 100 [1439] [1441] 0
1441 1 [1441] [1442] 1 100 1 100 [1440] [1442] 0
1442 1 [1442] [1443] 1 100 1 100 [1441] [1443] 0
1443 1 [1443] [1444] 1 100 1 100 [1442] [1444] 0
1444 1 [1444] [1445] 1 100 1 100 [1443] [1445] 0
1445 1 [1445] [1446] 1 100 1 100 [1444] [1446] 0
1446 1 [1446] [1447] 1 100 1 100 [1445] [1447] 0
1447 1 [1447] [1448] 1 100 1 100 [1446] [1448] 0
1448 1 [1448] [1449] 1 100 1 100 [1447] [1449] 0
1449 1 [1449] [1499] 1 100 1 100 [1448] [1450] 0
1450 1 [1499] [1498] 1 100 1 100 [1449] [1451] 0
1451 1 [1498] [1497] 1 100 1 100 [1450] [1452] 0
1452 1 [1497] [1496] 1 100 1 100 [1451] [1453] 0
1453 1 [1496] [1495] 1 100 1 100 [1452] [1454] 0
1454 1 [1495] [1494] 1 100 1 100 [1453] [1455] 0
1455 1 [1494] [1493] 1 100 1 100 [1454] [1456] 0
1456 1 [1493] [1492] 1 100 1 100 [1455] [1457] 0
1457 1 [1492] [1491] 1 100 1 100 [1456] [1458] 0
1458 1 [1491] [1490] 1 100 1 100 [1457] [1459] 0
1459 1 [1490] [1489] 1 100 1 100 [1458] [1460] 0
1460 1 [1489] [1488] 1 100 1 100 [1459] [1461] 0
1461 1 [1488] [1487] 1 100 1 100 [1460] [1462] 0
1462 1 [1487] [1486] 1 100 1 100 [1461] [1463] 0
1463 1 [1486] [1485] 1 100 1 100 [1462] [1464] 0
1464 1 [1485] [1484] 1 100 1 100 [1463] [1465] 0
1465 1 [1484] [1483] 1 100 1 100 [1464] [1466] 0
1466 1 [1483] [1482] 1 100 1 100 [1465] [1467] 0
1467 1 [1482] [1481] 1 100 1 100 [1466] [1468] 0
1468 1 [1481] [1480] 1 100 1 100 [1467] [1469] 0
1469 1 [1480] [1479] 1 100 1 100 [1468] [1470] 0
1470 1 [1479] [1478] 1 100 1 100 [1469] [1471] 0
1471 1 [1478] [1477] 1 100 1 100 [1470] [1472] 0
1472 1 [1477] [1476] 1 100 1 100 [1471] [1473] 0
1473 1 [1476] [1475] 1 100 1 100 [1472] [1474] 0
1474 1 [1475] [1474] 1 100 1 100 [1473] [1475] 0
1475 1 [1474] [1473] 1 100 1 100 [1474] [1476] 0
1476 1 [1473] [1472] 1 100 1 100 [1475] [1477] 0
1477 1 [1472] [1471] 1 100 1 100 [1476] [1478] 0
1478 1 [1471] [1470] 1 100 1 100 [1477] [1479] 0
1479 1 [1470] [1469] 1 100 1 100 [1478] [1480] 0
1480 1 [1469] [1468] 1 100 1 100 [1479] [1481] 0
1481 1 [1468] [1467] 1 100 1 100 [1480] [1482] 0
1482 1 [1467] [1466] 1 100 1 100 [1481] [1483] 0
1483 1 [1466] [1465] 1 100 1 100 [1482] [1484] 0
1484 1 [1465] [1464] 1 100 1 100 [1483] [1485] 0
1485 1 [1464] [1463] 1 100 1 100 [1484] [1486] 0
1486 1 [1463] [1462] 1 100 1 100 [1485] [1487] 0
1487 1 [1462] [1461] 1 100 1 100 [1486] [1488] 0
1488 1 [1461] [1460] 1 100 1 100 [1487] [1489] 0
1489 1 [1460] [1459] 1 100 1 100 [1488] [1490] 0
1490 1 [1459] [1458] 1 100 1 100 [1489] [1491] 0
1491 1 [1458] [1457] 1 100 1 100 [1490] [1492] 0
1492 1 [1457] [1456] 1 100 1 100 [1491] [1493] 0
1493 1 [1456] [1455] 1 100 1 100 [1492] [1494] 0
1494 1 [1455] [1454] 1 100 1 100 [1493] [1495] 0
1495 1 [1454] [1453] 1 100 1 100 [1494] [1496] 0
1496 1 [1453] [1452] 1 100 1 100 [1495] [1497] 0
1497 1 [1452] [1451] 1 100 1 100 [1496] [1498] 0
1498 1 [1451] [1450] 1 100 1 100 [1497] [1499] 0
1499 1 [1450] [1500] 1 100 1 100 [1498] [1500] 0
1500 1 [1500] [1501] 1 100 1 100 [1499] [1501] 0
1501 1 [1501] [1502] 1 100 1 100 [1500] [1502] 0
1502 1 [1502] [1503] 1 100 1 100 [1501] [1503] 0
1503 1 [1503] [1504] 1 100 1 100 [1502] [1504] 0
1504 1 [1504] [1505] 1 100 1 100 [1503] [1505] 0
1505 1 [1505] [1506] 1 100 1 100 [1504] [1506] 0
1506 1 [1506] [1507] 1 100 1 100 [1505] [1507] 0
1507 1 [1507] [1508] 1 100 1 100 [1506] [1508] 0
1508 1 [1508] [1509] 1 100 1 100 [1507] [1509] 0
1509 1 [1509] [1510] 1 100 1 100 [1508] [1510] 0
1510 1 [1510] [1511] 1 100 1 100 [1509] [1511] 0
1511 1 [1511] [1512] 1 100 1 100 [1510] [1512] 0
1512 1 [1512] [1513] 1 100 1 100 [1511] [1513] 0
1513 1 [1513] [1514] 1 100 1 100 [1512] [1514] 0
1514 1 [1514] [1515] 1 100 1 100 [1513] [1515] 0
1515 1 [1515] [1516] 1 100 1 100 [1514] [1516] 0
1516 1 [1516] [1517] 1 100 1 100 [1515] [1517] 0
1517 1 [1517] [1518] 1 100 1 100 [1516] [1518] 0
1518 1 [1518] [1519] 1 100 1 100 [1517] [1519] 0
1519 1 [1519] [1520] 1 100 1 100 [1518] [1520] 0
1520 1 [1520] [1521] 1 100 1 100 [1519] [1521] 0
1521 1 [1521] [1522] 1 100 1 100 [1520] [1522] 0
1522 1 [1522] [1523] 1 100 1 100 [1521] [1523] 0
1523 1 [1523] [1524] 1 100 1 100 [1522] [1524] 0
1524 1 [1524] [1525] 1 100 1 100 [1523] [1525] 0
1525 1 [1525] [1526] 1 100 1 100 [1524] [1526] 0
1526 1 [1526] [1527] 1 100 1 100 [1525] [1527] 0
1527 1 [1527] [1528] 1 100 1 100 [1526] [1528] 0
1528 1 [1528] [1529] 1 100 1 100 [1527] [1529] 0
1529 1 [1529] [1530] 1 100 1 100 [1528] [1530] 0
1530 1 [1530] [1531] 1 100 1 100 [1529] [1531] 0
1531 1 [1531] [1532] 1 100 1 100 [1530] [1532] 0
1532 1 [1532] [1533] 1 100 1 100 [1531] [1533] 0
1533 1 [1533] [1534] 1 100 1 100 [1532] [1534] 0
1534 1 [1534] [1535] 1 100 1 100 [1533] [1535] 0
1535 1 [1535] [1536] 1 100 1 100 [1534] [1536] 0
1536 1 [1536] [1537] 1 100 1 100 [1535] [1537] 0
1537 1 [1537] [1538] 1 100 1 100 [1536] [1538] 0
1538 1 [1538] [1539] 1 100 1 100 [1537] [1539] 0
1539 1 [1539] [1540] 1 100 1 100 [1538] [1540] 0
1540 1 [1540] [1541] 1 100 1 100 [1539] [1541] 0
1541 1 [1541] [1542] 1 100 1 100 [1540] [1542] 0
1542 1 [1542] [1543] 1 100 1 100 [1541] [1543] 0
1543 1 [1543] [1544] 1 100 1 100 [1542] [1544] 0
1544 1 [1544] [1545] 1 100 1 100 [1543] [1545] 0
1545 1 [1545] [1546] 1 100 1 100 [1544] [1546] 0
1546 1 [1546] [1547] 1 100 1 100 [1545] [1547] 0
1547 1 [1547] [1548] 1 100 1 100 [1546] [1548] 0
1548 1 [1548] [1549] 1 100 1 100 [1547] [1549] 0
1549 1 [1549] [1599] 1 100 1 100 [1548] [1550] 0
1550 1 [1599] [1598] 1 100 1 100 [1549] [1551] 0
1551 1 [1598] [1597] 1 100 1 100 [1550] [1552] 0
1552 1 [1597] [1596] 1 100 1 100 [1551] [1553] 0
1553 1 [1596] [1595] 1 100 1 100 [1552] [1554] 0
1554 1 [1595] [1594] 1 100 1 100 [1553] [1555] 0
1555 1 [1594] [1593] 1 100 1 100 [1554] [1556] 0
1556 1 [1593] [1592] 1 100 1 100 [1555] [1557] 0
1557 1 [1592] [1591] 1 100 1 100 [1556] [1558] 0
1558 1 [1591] [1590] 1 100 1 100 [1557] [1559] 0
1559 1 [1590] [1589] 1 100 1 100 [1558] [1560] 0
1560 1 [1589] [1588] 1 100 1 100 [1559] [1561] 0
1561 1 [1588] [1587] 1 100 1 100 [1560] [1562] 0
1562 1 [1587] [1586] 1 100 1 100 [1561] [1563] 0
1563 1 [1586] [1585] 1 100 1 100 [1562] [1564] 0
1564 1 [1585] [1584] 1 100 1 100 [1563] [1565] 0
1565 1 [1584] [1583] 1 100 1 100 [1564] [1566] 0
1566 1 [1583] [1582] 1 100 1 100 [1565] [1567] 0
1567 1 [1582] [1581] 1 100 1 100 [1566] [1568] 0
1568 1 [1581] [1580] 1 100 1 100 [1567] [1569] 0
1569 1 [1580] [1579] 1 100 1 100 [1568] [1570] 0
1570 1 [1579] [1578] 1 100 1 100 [1569] [1571] 0
1571 1 [1578] [1577] 1 100 1 100 [1570] [1572] 0
1572 1 [1577] [1576] 1 100 1 100 [1571] [1573] 0
1573 1 [1576] [1575] 1 100 1 100 [1572] [1574] 0
1574 1 [1575] [1574] 1 100 1 100 [1573] [1575] 0
1575 1 [1574] [1573] 1 100 1 100 [1574] [1576] 0
1576 1 [1573] [1572] 1 100 1 100 [1575] [1577] 0
1577 1 [1572] [1571] 1 100 1 100 [1576] [1578] 0
1578 1 [1571] [1570] 1 100 1 100 [1577] [1579] 0
1579 1 [1570] [1569] 1 100 1 100 [1578] [1580] 0
1580 1 [1569] [1568] 1 100 1 100 [1579] [1581] 0
1581 1 [1568] [1567] 1 100 1 100 [1580] [1582] 0
1582 1 [1567] [1566] 1 100 1 100 [1581] [1583] 0
1583 1 [1566] [1565] 1 100 1 100 [1582] [1584] 0
1584 1 [1565] [1564] 1 100 1 100 [1583] [1585] 0
1585 1 [1564] [1563] 1 100 1 100 [1584] [1586] 0
1586 1 [1563] [1562] 1 100 1 100 [1585] [1587] 0
1587 1 [1562] [1561] 1 100 1 100 [1586] [1588] 0
1588 1 [1561] [1560] 1 100 1 100 [1587] [1589] 0
1589 1 [1560] [1559] 1 100 1 100 [1588] [1590] 0
1590 1 [1559] [1558] 1 100 1 100 [1589] [1591] 0
1591 1 [1558] [1557] 1 100 1 100 [1590] [1592] 0
1592 1 [1557] [1556] 1 100 1 100 [1591] [1593] 0
1593 1 [1556] [1555] 1 100 1 100 [1592] [1594] 0
1594 1 [1555] [1554] 1 100 1 100 [1593] [1595] 0
1595 1 [1554] [1553] 1 100 1 100 [1594] [1596] 0
1596 1 [1553] [1552] 1 100 1 100 [1595] [1597] 0
1597 1 [1552] [1551] 1 100 1 100 [1596] [1598] 0
1598 1 [1551] [1550] 1 100 1 100 [1597] [1599] 0
1599 1 [1550] [1600] 1 100 1 100 [1598] [1600] 0
1600 1 [1600] [1601] 1 100 1 100 [1599] [1601] 0
1601 1 [1601] [1602] 1 100 1 100 [1600] [1602] 0
1602 1 [1602] [1603] 1 100 1 100 [1601] [1603] 0
1603 1 [1603] [1604] 1 100 1 100 [1602] [1604] 0
1604 1 [1604] [1605] 1 100 1 100 [1603] [1605] 0
1605 1 [1605] [1606] 1 100 1 100 [1604] [1606] 0
1606 1 [1606] [1607] 1 100 1 100 [1605] [1607] 0
1607 1 [1607] [1608] 1 100 1 100 [1606] [1608] 0
1608 1 [1608] [1609] 1 100 1 100 [1607] [1609] 0
1609 1 [1609] [1610] 1 100 1 100 [1608] [1610] 0
1610 1 [1610] [1611] 1 100 1 100 [1609] [1611] 0
1611 1 [1611] [1612] 1 100 1 100 [1610] [1612] 0
1612 1 [1612] [1613] 1 100 1 100 [1611] [1613] 0
1613 1 [1613] [1614] 1 100 1 100 [1612] [1614] 0
1614 1 [1614] [1615] 1 100 1 100 [1613] [1615] 0
1615 1 [1615] [1616] 1 100 1 100 [1614] [1616] 0
1616 1 [1616] [1617] 1 100 1 100 [1615] [1617] 0
1617 1 [1617] [1618] 1 100 1 100 [1616] [1618] 0
1618 1 [1618] [1619] 1 100 1 100 [1617] [1619] 0
1619 1 [1619] [1620] 1 100 1 100 [1618] [1620] 0
1620 1 [1620] [1621] 1 100 1 100 [1619] [1621] 0
1621 1 [1621] [1622] 1 100 1 100 [1620] [1622] 0
1622 1 [1622] [1623] 1 100 1 100 [1621] [1623] 0
1623 1 [1623] [1624] 1 100 1 100 [1622] [1624] 0
1624 1 [1624] [1625] 1 100 1 100 [1623] [1625] 0
1625 1 [1625] [1626] 1 100 1 100 [1624] [1626] 0
1626 1 [1626] [1627] 1 100 1 100 [1625] [1627] 0
1627 1 [1627] [1628] 1 100 1 100 [1626] [1628] 0
1628 1 [1628] [1629] 1 100 1 100 [1627] [1629] 0
1629 1 [1629] [1630] 1 100 1 100 [1628] [1630] 0
1630 1 [1630] [1631] 1 100 1 100 [1629] [1631] 0
1631 1 [1631] [1632] 1 100 1 100 [1630] [1632] 0
1632 1 [1632] [1633] 1 100 1 100 [1631] [1633] 0
1633 1 [1633] [1634] 1 100 1 100 [1632] [1634] 0
1634 1 [1634] [1635] 1 100 1 100 [1633] [1635] 0
1635 1 [1635] [1636] 1 100 1 100 [1634] [1636] 0
1636 1 [1636] [1637] 1 100 1 100 [1635] [1637] 0
1637 1 [1637] [1638] 1 100 1 100 [1636] [1638] 0
1638 1 [1638] [1639] 1 100 1 100 [1637] [1639] 0
1639 1 [1639] [1640] 1 100 1 100 [1638] [1640] 0
1640 1 [1640] [1641] 1 100 1 100 [1639] [1641] 0
1641 1 [1641] [1642] 1 100 1 100 [1640] [1642] 0
1642 1 [1642] [1643] 1 100 1 100 [1641] [1643] 0
1643 1 [1643] [1644] 1 100 1 100 [1642] [1644] 0
1644 1 [1644] [1645] 1 100 1 100 [1643] [1645] 0
1645 1 [1645] [1646] 1 100 1 100 [1644] [1646] 0
1646 1 [1646] [1647] 1 100 1 100 [1645] [1647] 0
1647 1 [1647] [1648] 1 100 1 100 [1646] [1648] 0
1648 1 [1648] [1649] 1 100 1 100 [1647] [1649] 0
1649 1 [1649] [1699] 1 100 1 100 [1648] [1650] 0
1650 1 [1699] [1698] 1 100 1 100 [1649] [1651] 0
1651 1 [1698] [1697] 1 100 1 100 [1650] [1652] 0
1652 1 [1697] [1696] 1 100 1 100 [1651] [1653] 0
1653 1 [1696] [1695] 1 100 1 100 [1652] [1654] 0
1654 1 [1695] [1694] 1 100 1 100 [1653] [1655] 0
1655 1 [1694] [1693] 1 100 1 100 [1654] [1656] 0
1656 1 [1693] [1692] 1 100 1 100 [1655] [1657] 0
1657 1 [1692] [1691] 1 100 1 100 [1656] [1658] 0
1658 1 [1691] [1690] 1 100 1 100 [1657] [1659] 0
1659 1 [1690] [1689] 1 100 1 100 [1658] [1660] 0
1660 1 [1689] [1688] 1 100 1 100 [1659] [1661] 0
1661 1 [1688] [1687] 1 100 1 100 [1660] [1662] 0
1662 1 [1687] [1686] 1 100 1 100 [1661] [1663] 0
1663 1 [1686] [1685] 1 100 1 100 [1662] [1664] 0
1664 1 [1685] [1684] 1 100 1 100 [1663] [1665] 0
1665 1 [1684] [1683] 1 100 1 100 [1664] [1666] 0
1666 1 [1683] [1682] 1 100 1 100 [1665] [1667] 0
1667 1 [1682] [1681] 1 100 1 100 [1666] [1668] 0
1668 1 [1681] [1680] 1 100 1 100 [1667] [1669] 0
1669 1 [1680] [1679] 1 100 1 100 [1668] [1670] 0
1670 1 [1679] [1678] 1 100 1 100 [1669] [1671] 0
1671 1 [1678] [1677] 1 100 1 100 [1670] [1672] 0
1672 1 [1677] [1676] 1 100 1 100 [1671] [1673] 0
1673 1 [1676] [1675] 1 100 1 100 [1672] [1674] 0
1674 1 [1675] [1674] 1 100 1 100 [1673] [1675] 0
1675 1 [1674] [1673] 1 100 1 100 [1674] [1676] 0
1676 1 [1673] [1672] 1 100 1 100 [1675] [1677] 0
1677 1 [1672] [1671] 1 100 1 100 [1676] [1678] 0
1678 1 [1671] [1670] 1 100 1 100 [1677] [1679] 0
1679 1 [1670] [1669] 1 100 1 100 [1678] [1680] 0
1680 1 [1669] [1668] 1 100 1 100 [1679] [1681] 0
1681 1 [1668] [1667] 1 100 1 100 [1680] [1682] 0
1682 1 [1667] [1666] 1 100 1 100 [1681] [1683] 0
1683 1 [1666] [1665] 1 100 1 100 [1682] [1684] 0
1684 1 [1665] [1664] 1 100 1 100 [1683] [1685] 0
1685 1 [1664] [1663] 1 100 1 100 [1684] [1686] 0
1686 1 [1663] [1662] 1 100 1 100 [1685] [1687] 0
1687 1 [1662] [1661] 1 100 1 100 [1686] [1688] 0
1688 1 [1661] [1660] 1 100 1 100 [1687] [1689] 0
1689 1 [1660] [1659] 1 100 1 100 [1688] [1690] 0
1690 1 [1659] [1658] 1 100 1 100 [1689] [1691] 0
1691 1 [1658] [1657] 1 100 1 100 [1690] [1692] 0
1692 1 [1657] [1656] 1 100 1 100 [1691] [1693] 0
1693 1 [1656] [1655] 1 100 1 100 [1692] [1694] 0
1694 1 [1655] [1654] 1 100 1 100 [1693] [1695] 0
1695 1 [1654] [1653] 1 100 1 100 [1694] [1696] 0
1696 1 [1653] [1652] 1 100 1 100 [1695] [1697] 0
1697 1 [1652] [1651] 1 100 1 100 [1696] [1698] 0
1698 1 [1651] [1650] 1 100 1 100 [1697] [1699] 0
1699 1 [1650] [1700] 1 100 1 100 [1698] [1700] 0
1700 1 [1700] [1701] 1 100 1 100 [1699] [1701] 0
1701 1 [1701] [1702] 1 100 1 100 [1700] [1702] 0
1702 1 [1702] [1703] 1 100 1 100 [1701] [1703] 0
1703 1 [1703] [1704] 1 100 1 100 [1702] [1704] 0
1704 1 [1704] [1705] 1 100 1 100 [1703] [1705] 0
1705 1 [1705] [1706] 1 100 1 100 [1704] [1706] 0
1706 1 [1706] [1707] 1 100 1 100 [1705] [1707] 0
1707 1 [1707] [1708] 1 100 1 100 [1706] [1708] 0
1708 1 [1708] [1709] 1 100 1 100 [1707] [1709] 0
1709 1 [1709] [1710] 1 100 1 100 [1708] [1710] 0
1710 1 [1710] [1711] 1 100 1 100 [1709] [1711] 0
1711 1 [1711] [1712] 1 100 1 100 [1710] [1712] 0
1712 1 [1712] [1713] 1 100 1 100 [1711] [1713] 0
1713 1 [1713] [1714] 1 100 1 100 [1712] [1714] 0
1714 1 [1714] [1715] 1 100 1 100 [1713] [1715] 0
1715 1 [1715] [1716] 1 100 1 100 [1714] [1716] 0
1716 1 [1716] [1717] 1 100 1 100 [1715] [1717] 0
1717 1 [1717] [1718] 1 100 1 100 [1716] [1718] 0
1718 1 [1718] [1719] 1 100 1 100 [1717] [1719] 0
1719 1 [1719] [1720] 1 100 1 100 [1718] [1720] 0
1720 1 [1720] [1721] 1 100 1 100 [1719] [1721] 0
1721 1 [1721] [1722] 1 100 1 100 [1720] [1722] 0
1722 1 [1722] [1723] 1 100 1 100 [1721] [1723] 0
1723 1 [1723] [1724] 1 100 1 100 [1722] [1724] 0
1724 1 [1724] [1725] 1 100 1 100 [1723] [1725] 0
1725 1 [1725] [1726] 1 100 1 100 [1724] [1726] 0
1726 1 [1726] [1727] 1 100 1 100 [1725] [1727] 0
1727 1 [1727] [1728] 1 100 1 100 [1726] [1728] 0
1728 1 [1728] [1729] 1 100 1 100 [1727] [1729] 0
1729 1 [1729] [1730] 1 100 1 100 [1728] [1730] 0
1730 1 [1730] [1731] 1 100 1 100 [1729] [1731] 0
1731 1 [1731] [1732] 1 100 1 100 [1730] [1732] 0
1732 1 [1732] [1733] 1 100 1 100 [1731] [1733] 0
1733 1 [1733] [1734] 1 100 1 100 [1732] [1734] 0
1734 1 [1734] [1735] 1 100 1 100 [1733] [1735] 0
1735 1 [1735] [1736] 1 100 1 100 [1734] [1736] 0
1736 1 [1736] [1737] 1 100 1 100 [1735] [1737] 0
1737 1 [1737] [1738] 1 100 1 100 [1736] [1738] 0
1738 1 [1738] [1739] 1 100 1 100 [1737] [1739] 0
1739 1 [1739] [1740] 1 100 1 100 [1738] [1740] 0
1740 1 [1740] [1741] 1 100 1 100 [1739] [1741] 0
1741 1 [1741] [1742] 1 100 1 100 [1740] [1742] 0
1742 1 [1742] [1743] 1 100 1 100 [1741] [1743] 0
1743 1 [1743] [1744] 1 100 1 100 [1742] [1744] 0
1744 1 [1744] [1745] 1 100 1 100 [1743] [1745] 0
1745 1 [1745] [1746] 1 100 1 100 [1744] [1746] 0
1746 1 [1746] [1747] 1 100 1 100 [1745] [1747] 0
1747 1 [1747] [1748] 1 100 1 100 [1746] [1748] 0
1748 1 [1748] [1749] 1 100 1 100 [1747] [1749] 0
1749 1 [1749] [1799] 1 100 1 100 [1748] [1750] 0
1750 1 [1799] [1798] 1 100 1 100 [1749] [1751] 0
1751 1 [1798] [1797] 1 100 1 100 [1750] [1752] 0
1752 1 [1797] [1796] 1 100 1 100 [1751] [1753] 0
1753 1 [1796] [1795] 1 100 1 100 [1752] [1754] 0
1754 1 [1795] [1794] 1 100 1 100 [1753] [1755] 0
1755 1 [1794] [1793] 1 100 1 100 [1754] [1756] 0
1756 1 [1793] [1792] 1 100 1 100 [1755] [1757] 0
1757 1 [1792] [1791] 1 100 1 100 [1756] [1758] 0
1758 1 [1791] [1790] 1 100 1 100 [1757] [1759] 0
1759 1 [1790] [1789] 1 100 1 100 [1758] [1760] 0
1760 1 [1789] [1788] 1 100 1 100 [1759] [1761] 0
1761 1 [1788] [1787] 1 100 1 100 [1760] [1762] 0
1762 1 [1787] [1786] 1 100 1 100 [1761] [1763] 0
1763 1 [1786] [1785] 1 100 1 100 [1762] [1764] 0
1764 1 [1785] [1784] 1 100 1 100 [1763] [1765] 0
1765 1 [1784] [1783] 1 100 1 100 [1764] [1766] 0
1766 1 [1783] [1782] 1 100 1 100 [1765] [1767] 0
1767 1 [1782] [1781] 1 100 1 100 [1766] [1768] 0
1768 1 [1781] [1780] 1 100 1 100 [1767] [1769] 0
1769 1 [1780] [1779] 1 100 1 100 [1768] [1770] 0
1770 1 [1779] [1778] 1 100 1 100 [1769] [1771] 0
1771 1 [1778] [1777] 1 100 1 100 [1770] [1772] 0
1772 1 [1777] [1776] 1 100 1 100 [1771] [1773] 0
1773 1 [1776] [1775] 1 100 1 100 [1772] [1774] 0
1774 1 [1775] [1774] 1 100 1 100 [1773] [1775] 0
1775 1 [1774] [1773] 1 100 1 100 [1774] [1776] 0
1776 1 [1773] [1772] 1 100 1 100 [1775] [1777] 0
1777 1 [1772] [1771] 1 100 1 100 [1776] [1778] 0
1778 1 [1771] [1770] 1 100 1 100 [1777] [1779] 0
1779 1 [1770] [1769] 1 100 1 100 [1778] [1780] 0
1780 1 [1769] [1768] 1 100 1 100 [1779] [1781] 0
1781 1 [1768] [1767] 1 100 1 100 [1780] [1782] 0
1782 1 [1767] [1766] 1 100 1 100 [1781] [1783] 0
1783 1 [1766] [1765] 1 100 1 100 [1782] [1784] 0
1784 1 [1765] [1764] 1 100 1 100 [1783] [1785] 0
1785 1 [1764] [1763] 1 100 1 100 [1784] [1786] 0
1786 1 [1763] [1762] 1 100 1 100 [1785] [1787] 0
1787 1 [1762] [1761] 1 100 1 100 [1786] [1788] 0
1788 1 [1761] [1760] 1 100 1 100 [1787] [1789] 0
1789 1 [1760] [1759] 1 100 1 100 [1788] [1790] 0
1790 1 [1759] [1758] 1 100 1 100 [1789] [1791] 0
1791 1 [1758] [1757] 1 100 1 100 [1790] [1792] 0
1792 1 [1757] [1756] 1 100 1 100 [1791] [1793] 0
1793 1 [1756] [1755] 1 100 1 100 [1792] [1794] 0
1794 1 [1755] [1754] 1 100 1 100 [1793] [1795] 0
1795 1 [1754] [1753] 1 100 1 100 [1794] [1796] 0
1796 1 [1753] [1752] 1 100 1 100 [1795] [1797] 0
1797 1 [1752] [1751] 1 100 1 100 [1796] [1798] 0
1798 1 [1751] [1750] 1 100 1 100 [1797] [1799] 0
1799 1 [1750] [1800] 1 100 1 100 [1798] [1800] 0
1800 1 [1800] [1801] 1 100 1 100 [1799] [1801] 0
1801 1 [1801] [1802] 1 100 1 100 [1800] [1802] 0
1802 1 [1802] [1803] 1 100 1 100 [1801] [1803] 0
1803 1 [1803] [1804] 1 100 1 100 [1802] [1804] 0
1804 1 [1804] [1805] 1 100 1 100 [1803] [1805] 0
1805 1 [1805] [1806] 1 100 1 100 [1804] [1806] 0
1806 1 [1806] [1807] 1 100 1 100 [1805] [1807] 0
1807 1 [1807] [1808] 1 100 1 100 [1806] [1808] 0
1808 1 [1808] [1809] 1 100 1 100 [1807] [1809] 0
1809 1 [1809] [1810] 1 100 1 100 [1808] [1810] 0
1810 1 [1810] [1811] 1 100 1 100 [1809] [1811] 0
1811 1 [1811] [1812] 1 100 1 100 [1810] [1812] 0
1812 1 [1812] [1813] 1 100 1 100 [1811] [1813] 0
1813 1 [1813] [1814] 1 100 1 100 [1812] [1814] 0
1814 1 [1814] [1815] 1 100 1 100 [1813] [1815] 0
1815 1 [1815] [1816] 1 100 1 100 [1814] [1816] 0
1816 1 [1816] [1817] 1 100 1 100 [1815] [1817] 0
1817 1 [1817] [1818] 1 100 1 100 [1816] [1818] 0
1818 1 [1818] [1819] 1 100 1 100 [1817] [1819] 0
1819 1 [1819] [1820] 1 100 1 100 [1818] [1820] 0
1820 1 [1820] [1821] 1 100 1 100 [1819] [1821] 0
1821 1 [1821] [1822] 1 100 1 100 [1820] [1822] 0
1822 1 [1822] [1823] 1 100 1 100 [1821] [1823] 0
1823 1 [1823] [1824] 1 100 1 100 [1822] [1824] 0
1824 1 [1824] [1825] 1 100 1 100 [1823] [1825] 0
1825 1 [1825] [1826] 1 100 1 100 [1824] [1826] 0
1826 1 [1826] [1827] 1 100 1 100 [1825] [1827] 0
1827 1 [1827] [1828] 1 100 1 100 [1826] [1828] 0
1828 1 [1828] [1829] 1 100 1 100 [1827] [1829] 0
1829 1 [1829] [1830] 1 100 1 100 [1828] [1830] 0
1830 1 [1830] [1831] 1 100 1 100 [1829] [1831] 0
1831 1 [1831] [1832] 1 100 1 100 [1830] [1832] 0
1832 1 [1832] [1833] 1 100 1 100 [1831] [1833] 0
1833 1 [1833] [1834] 1 100 1 100 [1832] [1834] 0
1834 1 [1834] [1835] 1 100 1 100 [1833] [1835] 0
1835 1 [1835] [1836] 1 100 1 100 [1834] [1836] 0
1836 1 [1836] [1837] 1 100 1 100 [1835] [1837] 0
1837 1 [1837] [1838] 1 100 1 100 [1836] [1838] 0
1838 1 [1838] [1839] 1 100 1 100 [1837] [1839] 0
1839 1 [1839] [1840] 1 100 1 100 [1838] [1840] 0
1840 1 [1840] [1841] 1 100 1 100 [1839] [1841] 0
1841 1 [1841] [1842] 1 100 1 100 [1840] [1842] 0
1842 1 [1842] [1843] 1 100 1 100 [1841] [1843] 0
1843 1 [1843] [1844] 1 100 1 100 [1842] [1844] 0
1844 1 [1844] [1845] 1 100 1 100 [1843] [1845] 0
1845 1 [1845] [1846] 1 100 1 100 [1844] [1846] 0
1846 1 [1846] [1847] 1 100 1 100 [1845] [1847] 0
1847 1 [1847] [1848] 1 100 1 100 [1846] [1848] 0
1848 1 [1848] [1849] 1 100 1 100 [1847] [1849] 0
1849 1 [1849] [1899] 1 100 1 100 [1848] [1850] 0
1850 1 [1899] [1898] 1 100 1 100 [1849] [1851] 0
1851 1 [1898] [1897] 1 100 1 100 [1850] [1852] 0
1852 1 [1897] [1896] 1 100 1 100 [1851] [1853] 0
1853 1 [1896] [1895] 1 100 1 100 [1852] [1854] 0
1854 1 [1895] [1894] 1 100 1 100 [1853] [1855] 0
1855 1 [1894] [1893] 1 100 1 100 [1854] [1856] 0
1856 1 [1893] [1892] 1 100 1 100 [1855] [1857] 0
1857 1 [1892] [1891] 1 100 1 100 [1856] [1858] 0
1858 1 [1891] [1890] 1 100 1 100 [1857] [1859] 0
1859 1 [1890] [1889] 1 100 1 100 [1858] [1860] 0
1860 1 [1889] [1888] 1 100 1 100 [1859] [1861] 0
1861 1 [1888] [1887] 1 100 1 100 [1860] [1862] 0
1862 1 [1887] [1886] 1 100 1 100 [1861] [1863] 0
1863 1 [1886] [1885] 1 100 1 100 [1862] [1864] 0
1864 1 [1885] [1884] 1 100 1 100 [1863] [1865] 0
1865 1 [1884] [1883] 1 100 1 100 [1864] [1866] 0
1866 1 [1883] [1882] 1 100 1 100 [1865] [1867] 0
1867 1 [1882] [1881] 1 100 1 100 [1866] [1868] 0
1868 1 [1881] [1880] 1 100 1 100 [1867] [1869] 0
1869 1 [1880] [1879] 1 100 1 100 [1868] [1870] 0
1870 1 [1879] [1878] 1 100 1 100 [1869] [1871] 0
1871 1 [1878] [1877] 1 100 1 100 [1870] [1872] 0
1872 1 [1877] [1876] 1 100 1 100 [1871] [1873] 0
1873 1 [1876] [1875] 1 100 1 100 [1872] [1874] 0
1874 1 [1875] [1874] 1 100 1 100 [1873] [1875] 0
1875 1 [1874] [1873] 1 100 1 100 [1874] [1876] 0
1876 1 [1873] [1872] 1 100 1 100 [1875] [1877] 0
1877 1 [1872] [1871] 1 100 1 100 [1876] [1878] 0
1878 1 [1871] [1870] 1 100 1 100 [1877] [1879] 0
1879 1 [1870] [1869] 1 100 1 100 [1878] [1880] 0
1880 1 [1869] [1868] 1 100 1 100 [1879] [1881] 0
1881 1 [1868] [1867] 1 100 1 100 [1880] [1882] 0
1882 1 [1867] [1866] 1 100 1 100 [1881] [1883] 0
1883 1 [1866] [1865] 1 100 1 100 [1882] [1884] 0
1884 1 [1865] [1864] 1 100 1 100 [1883] [1885] 0
1885 1 [1864] [1863] 1 100 1 100 [1884] [1886] 0
1886 1 [1863] [1862] 1 100 1 100 [1885] [1887] 0
1887 1 [1862] [1861] 1 100 1 100 [1886] [1888] 0
1888 1 [1861] [1860] 1 100 1 100 [1887] [1889] 0
1889 1 [1860] [1859] 1 100 1 100 [1888] [1890] 0
1890 1 [1859] [1858] 1 100 1 100 [1889] [1891] 0
1891 1 [1858] [1857] 1 100 1 100 [1890] [1892] 0
1892 1 [1857] [1856] 1 100 1 100 [1891] [1893] 0
1893 1 [1856] [1855] 1 100 1 100 [1892] [1894] 0
1894 1 [1855] [1854] 1 100 1 100 [1893] [1895] 0
1895 1 [1854] [1853] 1 100 1 100 [1894] [1896] 0
1896 1 [1853] [1852] 1 100 1 100 [1895] [1897] 0
1897 1 [1852] [1851] 1 100 1 100 [1896] [1898] 0
1898 1 [1851] [1850] 1 100 1 100 [1897] [1899] 0
1899 1 [1850] [1900] 1 100 1 100 [1898] [1900] 0
1900 1 [1900] [1901] 1 100 1 100 [1899] [1901] 0
1901 1 [1901] [1902] 1 100 1 100 [1900] [1902] 0
1902 1 [1902] [1903] 1 100 1 100 [1901] [1903] 0
1903 1 [1903] [1904] 1 100 1 100 [1902] [1904] 0
1904 1 [1904] [1905] 1 100 1 100 [1903] [1905] 0
1905 1 [1905] [1906] 1 100 1 100 [1904] [1906] 0
1906 1 [1906] [1907] 1 100 1 100 [1905] [1907] 0
1907 1 [1907] [1908] 1 100 1 100 [1906] [1908] 0
1908 1 [1908] [1909] 1 100 1 100 [1907] [1909] 0
1909 1 [1909] [1910] 1 100 1 100 [1908] [1910] 0
1910 1 [1910] [1911] 1 100 1 100 [1909] [1911] 0
1911 1 [1911] [1912] 1 100 1 100 [1910] [1912] 0
1912 1 [1912] [1913] 1 100 1 100 [1911] [1913] 0
1913 1 [1913] [1914] 1 100 1 100 [1912] [1914] 0
1914 1 [1914] [1915] 1 100 1 100 [1913] [1915] 0
1915 1 [1915] [1916] 1 100 1 100 [1914] [1916] 0
1916 1 [1916] [1917] 1 100 1 100 [1915] [1917] 0
1917 1 [1917] [1918] 1 100 1 100 [1916] [1918] 0
1918 1 [1918] [1919] 1 100 1 100 [1917] [1919] 0
1919 1 [1919] [1920] 1 100 1 100 [1918] [1920] 0
1920 1 [1920] [1921] 1 100 1 100 [1919] [1921] 0
1921 1 [1921] [1922] 1 100 1 100 [1920] [1922] 0
1922 1 [1922] [1923] 1 100 1 100 [1921] [1923] 0
1923 1 [1923] [1924] 1 100 1 100 [1922] [1924] 0
1924 1 [1924] [1925] 1 100 1 100 [1923] [1925] 0
1925 1 [1925] [1926] 1 100 1 100 [1924] [1926] 0
1926 1 [1926] [1927] 1 100 1 100 [1925] [1927] 0
1927 1 [1927] [1928] 1 100 1 100 [1926] [1928] 0
1928 1 [1928] [1929] 1 100 1 100 [1927] [1929] 0
1929 1 [1929] [1930] 1 100 1 100 [1928] [1930] 0
1930 1 [1930] [1931] 1 100 1 100 [1929] [1931] 0
1931 1 [1931] [1932] 1 100 1 100 [1930] [1932] 0
1932 1 [1932] [1933] 1 100 1 100 [1931] [1933] 0
1933 1 [1933] [1934] 1 100 1 100 [1932] [1934] 0
1934 1 [1934] [1935] 1 100 1 100 [1933] [1935] 0
1935 1 [1935] [1936] 1 100 1 100 [1934] [1936] 0
1936 1 [1936] [1937] 1 100 1 100 [1935] [1937] 0
1937 1 [1937] [1938] 1 100 1 100 [1936] [1938] 0
1938 1 [1938] [1939] 1 100 1 100 [1937] [1939] 0
1939 1 [1939] [1940] 1 100 1 100 [1938] [1940] 0
1940 1 [1940] [1941] 1 100 1 100 [1939] [1941] 0
1941 1 [1941] [1942] 1 100 1 100 [1940] [1942] 0
1942 1 [1942] [1943] 1 100 1 100 [1941] [1943] 0
1943 1 [1943] [1944] 1 100 1 100 [1942] [1944] 0
1944 1 [1944] [1945] 1 100 1 100 [1943] [1945] 0
1945 1 [1945] [1946] 1 100 1 100 [1944] [1946] 0
1946 1 [1946] [1947] 1 100 1 100 [1945] [1947] 0
1947 1 [1947] [1948] 1 100 1 100 [1946] [1948] 0
1948 1 [1948] [1949] 1 100 1 100 [1947] [1949] 0
1949 1 [1949] [1999] 1 100 1 100 [1948] [1950] 0
1950 1 [1999] [1998] 1 100 1 100 [1949] [1951] 0
1951 1 [1998] [1997] 1 100 1 100 [1950] [1952] 0
1952 1 [1997] [1996] 1 100 1 100 [1951] [1953] 0
1953 1 [1996] [1995] 1 100 1 100 [1952] [1954] 0
1954 1 [1995] [1994] 1 100 1 100 [1953] [1955] 0
1955 1 [1994] [1993] 1 100 1 100 [1954] [1956] 0
1956 1 [1993] [1992] 1 100 1 100 [1955] [1957] 0
1957 1 [1992] [1991] 1 100 1 100 [1956] [1958] 0
1958 1 [1991] [1990] 1 100 1 100 [1957] [1959] 0
1959 1 [1990] [1989] 1 100 1 100 [1958] [1960] 0
1960 1 [1989] [1988] 1 100 1 100 [1959] [1961] 0
1961 1 [1988] [1987] 1 100 1 100 [1960] [1962] 0
1962 1 [1987] [1986] 1 100 1 100 [1961] [1963] 0
1963 1 [1986] [1985] 1 100 1 100 [1962] [1964] 0
1964 1 [1985] [1984] 1 100 1 100 [1963] [1965] 0
1965 1 [1984] [1983] 1 100 1 100 [1964] [1966] 0
1966 1 [1983] [1982] 1 100 1 100 [1965] [1967] 0
1967 1 [1982] [1981] 1 100 1 100 [1966] [1968] 0
1968 1 [1981] [1980] 1 100 1 100 [1967] [1969] 0
1969 1 [1980] [1979] 1 100 1 100 [1968] [1970] 0
1970 1 [1979] [1978] 1 100 1 100 [1969] [1971] 0
1971 1 [1978] [1977] 1 100 1 100 [1970] [1972] 0
1972 1 [1977] [1976] 1 100 1 100 [1971] [1973] 0
1973 1 [1976] [1975] 1 100 1 100 [1972] [1974] 0
1974 1 [1975] [1974] 1 100 1 100 [1973] [1975] 0
1975 1 [1974] [1973] 1 100 1 100 [1974] [1976] 0
1976 1 [1973] [1972] 1 100 1 100 [1975] [1977] 0
1977 1 [1972] [1971] 1 100 1 100 [1976] [1978] 0
1978 1 [1971] [1970] 1 100 1 100 [1977] [1979] 0
1979 1 [1970] [1969] 1 100 1 100 [1978] [1980] 0
1980 1 [1969] [1968] 1 100 1 100 [1979] [1981] 0
1981 1 [1968] [1967] 1 100 1 100 [1980] [1982] 0
1982 1 [1967] [1966] 1 100 1 100 [1981] [1983] 0
1983 1 [1966] [1965] 1 100 1 100 [1982] [1984] 0
1984 1 [1965] [1964] 1 100 1 100 [1983] [1985] 0
1985 1 [1964] [1963] 1 100 1 100 [1984] [1986] 0
1986 1 [1963] [1962] 1 100 1 100 [1985] [1987] 0
1987 1 [1962] [1961] 1 100 1 100 [1986] [1988] 0
1988 1 [1961] [1960] 1 100 1 100 [1987] [1989] 0
1989 1 [1960] [1959] 1 100 1 100 [1988] [1990] 0
1990 1 [1959] [1958] 1 100 1 100 [1989] [1991] 0
1991 1 [1958] [1957] 1 100 1 100 [1990] [1992] 0
1992 1 [1957] [1956] 1 100 1 100 [1991] [1993] 0
1993 1 [1956] [1955] 1 100 1 100 [1992] [1994] 0
1994 1 [1955] [1954] 1 100 1 100 [1993] [1995] 0
1995 1 [1954] [1953] 1 100 1 100 [1994] [1996] 0
1996 1 [1953] [1952] 1 100 1 100 [1995] [1997] 0
1997 1 [1952] [1951] 1 100 1 100 [1996] [1998] 0
1998 1 [1951] [1950] 1 100 1 100 [1997] [1999] 0
1999 1 [1950] [2000] 1 100 1 100 [1998] [2000] 0
2000 1 [2000] [2001] 1 100 1 100 [1999] [2001] 0
2001 1 [2001] [2002] 1 100 1 100 [2000] [2002] 0
2002 1 [2002] [2003] 1 100 1 100 [2001] [2003] 0
2003 1 [2003] [2004] 1 100 1 100 [2002] [2004] 0
2004 1 [2004] [2005] 1 100 1 100 [2003] [2005] 0
2005 1 [2005] [2006] 1 100 1 100 [2004] [2006] 0
2006 1 [2006] [2007] 1 100 1 100 [2005] [2007] 0
2007 1 [2007] [2008] 1 100 1 100 [2006] [2008] 0
2008 1 [2008] [2009] 1 100 1 100 [2007] [2009] 0
2009 1 [2009] [2010] 1 100 1 100 [2008] [2010] 0
2010 1 [2010] [2011] 1 100 1 100 [2009] [2011] 0
2011 1 [2011] [2012] 1 100 1 100 [2010] [2012] 0
2012 1 [2012] [2013] 1 100 1 100 [2011] [2013] 0
2013 1 [2013] [2014] 1 100 1 100 [2012] [2014] 0
2014 1 [2014] [2015] 1 100 1 100 [2013] [2015] 0
2015 1 [2015] [2016] 1 100 1 100 [2014] [2016] 0
2016 1 [2016] [2017] 1 100 1 100 [2015] [2017] 0
2017 1 [2017] [2018] 1 100 1 100 [2016] [2018] 0
2018 1 [2018] [2019] 1 100 1 100 [2017] [2019] 0
2019 1 [2019] [2020] 1 100 1 100 [2018] [2020] 0
2020 1 [2020] [2021] 1 100 1 100 [2019] [2021] 0
2021 1 [2021] [2022] 1 100 1 100 [2020] [2022] 0
2022 1 [2022] [2023] 1 100 1 100 [2021] [2023] 0
2023 1 [2023] [2024] 1 100 1 100 [2022] [2024] 0
2024 1 [2024] [2025] 1 100 1 100 [2023] [2025] 0
2025 1 [2025] [2026] 1 100 1 100 [2024] [2026] 0
2026 1 [2026] [2027] 1 100 1 100 [2025] [2027] 0
2027 1 [2027] [2028] 1 100 1 100 [2026] [2028] 0
2028 1 [2028] [2029] 1 100 1 100 [2027] [2029] 0
2029 1 [2029] [2030] 1 100 1 100 [2028] [2030] 0
2030 1 [2030] [2031] 1 100 1 100 [2029] [2031] 0
2031 1 [2031] [2032] 1 100 1 100 [2030] [2032] 0
2032 1 [2032] [2033] 1 100 1 100 [2031] [2033] 0
2033 1 [2033] [2034] 1 100 1 100 [2032] [2034] 0
2034 1 [2034] [2035] 1 100 1 100 [2033] [2035] 0
2035 1 [2035] [2036] 1 100 1 100 [2034] [2036] 0
2036 1 [2036] [2037] 1 100 1 100 [2035] [2037] 0
2037 1 [2037] [2038] 1 100 1 100 [2036] [2038] 0
2038 1 [2038] [2039] 1 100 1 100 [2037] [2039] 0
2039 1 [2039] [2040] 1 100 1 100 [2038] [2040] 0
2040 1 [2040] [2041] 1 100 1 100 [2039] [2041] 0
2041 1 [2041] [2042] 1 100 1 100 [2040] [2042] 0
2042 1 [2042] [2043] 1 100 1 100 [2041] [2043] 0
2043 1 [2043] [2044] 1 100 1 100 [2042] [2044] 0
2044 1 [2044] [2045] 1 100 1 100 [2043] [2045] 0
2045 1 [2045] [2046] 1 100 1 100 [2044] [2046] 0
2046 1 [2046] [2047] 1 100 1 100 [2045] [2047] 0
2047 1 [2047] [2048] 1 100 1 100 [2046] [2048] 0
2048 1 [2048] [2049] 1 100 1 100 [2047] [2049] 0
2049 1 [2049] [2099] 1 100 1 100 [2048] [2050] 0
2050 1 [2099] [2098] 1 100 1 100 [2049] [2051] 0
2051 1 [2098] [2097] 1 100 1 100 [2050] [2052] 0
2052 1 [2097] [2096] 1 100 1 100 [2051] [2053] 0
2053 1 [2096] [2095] 1 100 1 100 [2052] [2054] 0
2054 1 [2095] [2094] 1 100 1 100 [2053] [2055] 0
2055 1 [2094] [2093] 1 100 1 100 [2054] [2056] 0
2056 1 [2093] [2092] 1 100 1 100 [2055] [2057] 0
2057 1 [2092] [2091] 1 100 1 100 [2056] [2058] 0
2058 1 [2091] [2090] 1 100 1 100 [2057] [2059] 0
2059 1 [2090] [2089] 1 100 1 100 [2058] [2060] 0
2060 1 [2089] [2088] 1 100 1 100 [2059] [2061] 0
2061 1 [2088] [2087] 1 100 1 100 [2060] [2062] 0
2062 1 [2087] [2086] 1 100 1 100 [2061] [2063] 0
2063 1 [2086] [2085] 1 100 1 100 [2062] [2064] 0
2064 1 [2085] [2084] 1 100 1 100 [2063] [2065] 0
2065 1 [2084] [2083] 1 100 1 100 [2064] [2066] 0
2066 1 [2083] [2082] 1 100 1 100 [2065] [2067] 0
2067 1 [2082] [2081] 1 100 1 100 [2066] [2068] 0
2068 1 [2081] [2080] 1 100 1 100 [2067] [2069] 0
2069 1 [2080] [2079] 1 100 1 100 [2068] [2070] 0
2070 1 [2079] [2078] 1 100 1 100 [2069] [2071] 0
2071 1 [2078] [2077] 1 100 1 100 [2070] [2072] 0
2072 1 [2077] [2076] 1 100 1 100 [2071] [2073] 0
2073 1 [2076] [2075] 1 100 1 100 [2072] [2074] 0
2074 1 [2075] [2074] 1 100 1 100 [2073] [2075] 0
2075 1 [2074] [2073] 1 100 1 100 [2074] [2076] 0
2076 1 [2073] [2072] 1 100 1 100 [2075] [2077] 0
2077 1 [2072] [2071] 1 100 1 100 [2076] [2078] 0
2078 1 [2071] [2070] 1 100 1 100 [2077] [2079] 0
2079 1 [2070] [2069] 1 100 1 100 [2078] [2080] 0
2080 1 [2069] [2068] 1 100 1 100 [2079] [2081] 0
2081 1 [2068] [2067] 1 100 1 100 [2080] [2082] 0
2082 1 [2067] [2066] 1 100 1 100 [2081] [2083] 0
2083 1 [2066] [2065] 1 100 1 100 [2082] [2084] 0
2084 1 [2065] [2064] 1 100 1 100 [2083] [2085] 0
2085 1 [2064] [2063] 1 100 1 100 [2084] [2086] 0
2086 1 [2063] [2062] 1 100 1 100 [2085] [2087] 0
2087 1 [2062] [2061] 1 100 1 100 [2086] [2088] 0
2088 1 [2061] [2060] 1 100 1 100 [2087] [2089] 0
2089 1 [2060] [2059] 1 100 1 100 [2088] [2090] 0
2090 1 [2059] [2058] 1 100 1 100 [2089] [2091] 0
2091 1 [2058] [2057] 1 100 1 100 [2090] [2092] 0
2092 1 [2057] [2056] 1 100 1 100 [2091] [2093] 0
2093 1 [2056] [2055] 1 100 1 100 [2092] [2094] 0
2094 1 [2055] [2054] 1 100 1 100 [2093] [2095] 0
2095 1 [2054] [2053] 1 100 1 100 [2094] [2096] 0
2096 1 [2053] [2052] 1 100 1 100 [2095] [2097] 0
2097 1 [2052] [2051] 1 100 1 100 [2096] [2098] 0
2098 1 [2051] [2050] 1 100 1 100 [2097] [2099] 0
2099 1 [2050] [2100] 1 100 1 100 [2098] [2100] 0
2100 1 [2100] [2101] 1 100 1 100 [2099] [2101] 0
2101 1 [2101] [2102] 1 100 1 100 [2100] [2102] 0
2102 1 [2102] [2103] 1 100 1 100 [2101] [2103] 0
2103 1 [2103] [2104] 1 100 1 100 [2102] [2104] 0
2104 1 [2104] [2105] 1 100 1 100 [2103] [2105] 0
2105 1 [2105] [2106] 1 100 1 100 [2104] [2106] 0
2106 1 [2106] [2107] 1 100 1 100 [2105] [2107] 0
2107 1 [2107] [2108] 1 100 1 100 [2106] [2108] 0
2108 1 [2108] [2109] 1 100 1 100 [2107] [2109] 0
2109 1 [2109] [2110] 1 100 1 100 [2108] [2110] 0
2110 1 [2110] [2111] 1 100 1 100 [2109] [2111] 0
2111 1 [2111] [2112] 1 100 1 100 [2110] [2112] 0
2112 1 [2112] [2113] 1 100 1 100 [2111] [2113] 0
2113 1 [2113] [2114] 1 100 1 100 [2112] [2114] 0
2114 1 [2114] [2115] 1 100 1 100 [2113] [2115] 0
2115 1 [2115] [2116] 1 100 1 100 [2114] [2116] 0
2116 1 [2116] [2117] 1 100 1 100 [2115] [2117] 0
2117 1 [2117] [2118] 1 100 1 100 [2116] [2118] 0
2118 1 [2118] [2119] 1 100 1 100 [2117] [2119] 0
2119 1 [2119] [2120] 1 100 1 100 [2118] [2120] 0
2120 1 [2120] [2121] 1 100 1 100 [2119] [2121] 0
2121 1 [2121] [2122] 1 100 1 100 [2120] [2122] 0
2122 1 [2122] [2123] 1 100 1 100 [2121] [2123] 0
2123 1 [2123] [2124] 1 100 1 100 [2122] [2124] 0
2124 1 [2124] [2125] 1 100 1 100 [2123] [2125] 0
2125 1 [2125] [2126] 1 100 1 100 [2124] [2126] 0
2126 1 [2126] [2127] 1 100 1 100 [2125] [2127] 0
2127 1 [2127] [2128] 1 100 1 100 [2126] [2128] 0
2128 1 [2128] [2129] 1 100 1 100 [2127] [2129] 0
2129 1 [2129] [2130] 1 100 1 100 [2128] [2130] 0
2130 1 [2130] [2131] 1 100 1 100 [2129] [2131] 0
2131 1 [2131] [2132] 1 100 1 100 [2130] [2132] 0
2132 1 [2132] [2133] 1 100 1 100 [2131] [2133] 0
2133 1 [2133] [2134] 1 100 1 100 [2132] [2134] 0
2134 1 [2134] [2135] 1 100 1 100 [2133] [2135] 0
2135 1 [2135] [2136] 1 100 1 100 [2134] [2136] 0
2136 1 [2136] [2137] 1 100 1 100 [2135] [2137] 0
2137 1 [2137] [2138] 1 100 1 100 [2136] [2138] 0
2138 1 [2138] [2139] 1 100 1 100 [2137] [2139] 0
2139 1 [2139] [2140] 1 100 1 100 [2138] [2140] 0
2140 1 [2140] [2141] 1 100 1 100 [2139] [2141] 0
2141 1 [2141] [2142] 1 100 1 100 [2140] [2142] 0
2142 1 [2142] [2143] 1 100 1 100 [2141] [2143] 0
2143 1 [2143] [2144] 1 100 1 100 [2142] [2144] 0
2144 1 [2144] [2145] 1 100 1 100 [2143] [2145] 0
2145 1 [2145] [2146] 1 100 1 100 [2144] [2146] 0
2146 1 [2146] [2147] 1 100 1 100 [2145] [2147] 0
2147 1 [2147] [2148] 1 100 1 100 [2146] [2148] 0
2148 1 [2148] [2149] 1 100 1 100 [2147] [2149] 0
2149 1 [2149] [2199] 1 100 1 100 [2148] [2150] 0
2150 1 [2199] [2198] 1 100 1 100 [2149] [2151] 0
2151 1 [2198] [2197] 1 100 1 100 [2150] [2152] 0
2152 1 [2197] [2196] 1 100 1 100 [2151] [2153] 0
2153 1 [2196] [2195] 1 100 1 100 [2152] [2154] 0
2154 1 [2195] [2194] 1 100 1 100 [2153] [2155] 0
2155 1 [2194] [2193] 1 100 1 100 [2154] [2156] 0
2156 1 [2193] [2192] 1 100 1 100 [2155] [2157] 0
2157 1 [2192] [2191] 1 100 1 100 [2156] [2158] 0
2158 1 [2191] [2190] 1 100 1 100 [2157] [2159] 0
2159 1 [2190] [2189] 1 100 1 100 [2158] [2160] 0
2160 1 [2189] [2188] 1 100 1 100 [2159] [2161] 0
2161 1 [2188] [2187] 1 100 1 100 [2160] [2162] 0
2162 1 [2187] [2186] 1 100 1 100 [2161] [2163] 0
2163 1 [2186] [2185] 1 100 1 100 [2162] [2164] 0
2164 1 [2185] [2184] 1 100 1 100 [2163] [2165] 0
2165 1 [2184] [2183] 1 100 1 100 [2164] [2166] 0
2166 1 [2183] [2182] 1 100 1 100 [2165] [2167] 0
2167 1 [2182] [2181] 1 100 1 100 [2166] [2168] 0
2168 1 [2181] [2180] 1 100 1 100 [2167] [2169] 0
2169 1 [2180] [2179] 1 100 1 100 [2168] [2170] 0
2170 1 [2179] [2178] 1 100 1 100 [2169] [2171] 0
2171 1 [2178] [2177] 1 100 1 100 [2170] [2172] 0
2172 1 [2177] [2176] 1 100 1 100 [2171] [2173] 0
2173 1 [2176] [2175] 1 100 1 100 [2172] [2174] 0
2174 1 [2175] [2174] 1 100 1 100 [2173] [2175] 0
2175 1 [2174] [2173] 1 100 1 100 [2174] [2176] 0
2176 1 [2173] [2172] 1 100 1 100 [2175] [2177] 0
2177 1 [2172] [2171] 1 100 1 100 [2176] [2178] 0
2178 1 [2171] [2170] 1 100 1 100 [2177] [2179] 0
2179 1 [2170] [2169] 1 100 1 100 [2178] [2180] 0
2180 1 [2169] [2168] 1 100 1 100 [2179] [2181] 0
2181 1 [2168] [2167] 1 100 1 100 [2180] [2182] 0
2182 1 [2167] [2166] 1 100 1 100 [2181] [2183] 0
2183 1 [2166] [2165] 1 100 1 100 [2182] [2184] 0
2184 1 [2165] [2164] 1 100 1 100 [2183] [2185] 0
2185 1 [2164] [2163] 1 100 1 100 [2184] [2186] 0
2186 1 [2163] [2162] 1 100 1 100 [2185] [2187] 0
2187 1 [2162] [2161] 1 100 1 100 [2186] [2188] 0
2188 1 [2161] [2160] 1 100 1 100 [2187] [2189] 0
2189 1 [2160] [2159] 1 100 1 100 [2188] [2190] 0
2190 1 [2159] [2158] 1 100 1 100 [2189] [2191] 0
2191 1 [2158] [2157] 1 100 1 100 [2190] [2192] 0
2192 1 [2157] [2156] 1 100 1 100 [2191] [2193] 0
2193 1 [2156] [2155] 1 100 1 100 [2192] [2194] 0
2194 1 [2155] [2154] 1 100 1 100 [2193] [2195] 0
2195 1 [2154] [2153] 1 100 1 100 [2194] [2196] 0
2196 1 [2153] [2152] 1 100 1 100 [2195] [2197] 0
2197 1 [2152] [2151] 1 100 1 100 [2196] [2198] 0
2198 1 [2151] [2150] 1 100 1 100 [2197] [2199] 0
2199 1 [2150] [2200] 1 100 1 100 [2198] [2200] 0
2200 1 [2200] [2201] 1 100 1 100 [2199] [2201] 0
2201 1 [2201] [2202] 1 100 1 100 [2200] [2202] 0
2202 1 [2202] [2203] 1 100 1 100 [2201] [2203] 0
2203 1 [2203] [2204] 1 100 1 100 [2202] [2204] 0
2204 1 [2204] [2205] 1 100 1 100 [2203] [2205] 0
2205 1 [2205] [2206] 1 100 1 100 [2204] [2206] 0
2206 1 [2206] [2207] 1 100 1 100 [2205] [2207] 0
2207 1 [2207] [2208] 1 100 1 100 [2206] [2208] 0
2208 1 [2208] [2209] 1 100 1 100 [2207] [2209] 0
2209 1 [2209] [2210] 1 100 1 100 [2208] [2210] 0
2210 1 [2210] [2211] 1 100 1 100 [2209] [2211] 0
2211 1 [2211] [2212] 1 100 1 100 [2210] [2212] 0
2212 1 [2212] [2213] 1 100 1 100 [2211] [2213] 0
2213 1 [2213] [2214] 1 100 1 100 [2212] [2214] 0
2214 1 [2214] [2215] 1 100 1 100 [2213] [2215] 0
2215 1 [2215] [2216] 1 100 1 100 [2214] [2216] 0
2216 1 [2216] [2217] 1 100 1 100 [2215] [2217] 0
2217 1 [2217] [2218] 1 100 1 100 [2216] [2218] 0
2218 1 [2218] [2219] 1 100 1 100 [2217] [2219] 0
2219 1 [2219] [2220] 1 100 1 100 [2218] [2220] 0
2220 1 [2220] [2221] 1 100 1 100 [2219] [2221] 0
2221 1 [2221] [2222] 1 100 1 100 [2220] [2222] 0
2222 1 [2222] [2223] 1 100 1 100 [2221] [2223] 0
2223 1 [2223] [2224] 1 100 1 100 [2222] [2224] 0
2224 1 [2224] [2225] 1 100 1 100 [2223] [2225] 0
2225 1 [2225] [2226] 1 100 1 100 [2224] [2226] 0
2226 1 [2226] [2227] 1 100 1 100 [2225] [2227] 0
2227 1 [2227] [2228] 1 100 1 100 [2226] [2228] 0
2228 1 [2228] [2229] 1 100 1 100 [2227] [2229] 0
2229 1 [2229] [2230] 1 100 1 100 [2228] [2230] 0
2230 1 [2230] [2231] 1 100 1 100 [2229] [2231] 0
2231 1 [2231] [2232] 1 100 1 100 [2230] [2232] 0
2232 1 [2232] [2233] 1 100 1 100 [2231] [2233] 0
2233 1 [2233] [2234] 1 100 1 100 [2232] [2234] 0
2234 1 [2234] [2235] 1 100 1 100 [2233] [2235] 0
2235 1 [2235] [2236] 1 100 1 100 [2234] [2236] 0
2236 1 [2236] [2237] 1 100 1 100 [2235] [2237] 0
2237 1 [2237] [2238] 1 100 1 100 [2236] [2238] 0
2238 1 [2238] [2239] 1 100 1 100 [2237] [2239] 0
2239 1 [2239] [2240] 1 100 1 100 [2238] [2240] 0
2240 1 [2240] [2241] 1 100 1 100 [2239] [2241] 0
2241 1 [2241] [2242] 1 100 1 100 [2240] [2242] 0
2242 1 [2242] [2243] 1 100 1 100 [2241] [2243] 0
2243 1 [2243] [2244] 1 100 1 100 [2242] [2244] 0
2244 1 [2244] [2245] 1 100 1 100 [2243] [2245] 0
2245 1 [2245] [2246] 1 100 1 100 [2244] [2246] 0
2246 1 [2246] [2247] 1 100 1 100 [2245] [2247] 0
2247 1 [2247] [2248] 1 100 1 100 [2246] [2248] 0
2248 1 [2248] [2249] 1 100 1 100 [2247] [2249] 0
2249 1 [2249] [2299] 1 100 1 100 [2248] [2250] 0
2250 1 [2299] [2298] 1 100 1 100 [2249] [2251] 0
2251 1 [2298] [2297] 1 100 1 100 [2250] [2252] 0
2252 1 [2297] [2296] 1 100 1 100 [2251] [2253] 0
2253 1 [2296] [2295] 1 100 1 100 [2252] [2254] 0
2254 1 [2295] [2294] 1 100 1 100 [2253] [2255] 0
2255 1 [2294] [2293] 1 100 1 100 [2254] [2256] 0
2256 1 [2293] [2292] 1 100 1 100 [2255] [2257] 0
2257 1 [2292] [2291] 1 100 1 100 [2256] [2258] 0
2258 1 [2291] [2290] 1 100 1 100 [2257] [2259] 0
2259 1 [2290] [2289] 1 100 1 100 [2258] [2260] 0
2260 1 [2289] [2288] 1 100 1 100 [2259] [2261] 0
2261 1 [2288] [2287] 1 100 1 100 [2260] [2262] 0
2262 1 [2287] [2286] 1 100 1 100 [2261] [2263] 0
2263 1 [2286] [2285] 1 100 1 100 [2262] [2264] 0
2264 1 [2285] [2284] 1 100 1 100 [2263] [2265] 0
2265 1 [2284] [2283] 1 100 1 100 [2264] [2266] 0
2266 1 [2283] [2282] 1 100 1 100 [2265] [2267] 0
2267 1 [2282] [2281] 1 100 1 100 [2266] [2268] 0
2268 1 [2281] [2280] 1 100 1 100 [2267] [2269] 0
2269 1 [2280] [2279] 1 100 1 100 [2268] [2270] 0
2270 1 [2279] [2278] 1 100 1 100 [2269] [2271] 0
2271 1 [2278] [2277] 1 100 1 100 [2270] [2272] 0
2272 1 [2277] [2276] 1 100 1 100 [2271] [2273] 0
2273 1 [2276] [2275] 1 100 1 100 [2272] [2274] 0
2274 1 [2275] [2274] 1 100 1 100 [2273] [2275] 0
2275 1 [2274] [2273] 1 100 1 100 [2274] [2276] 0
2276 1 [2273] [2272] 1 100 1 100 [2275] [2277] 0
2277 1 [2272] [2271] 1 100 1 100 [2276] [2278] 0
2278 1 [2271] [2270] 1 100 1 100 [2277] [2279] 0
2279 1 [2270] [2269] 1 100 1 100 [2278] [2280] 0
2280 1 [2269] [2268] 1 100 1 100 [2279] [2281] 0
2281 1 [2268] [2267] 1 100 1 100 [2280] [2282] 0
2282 1 [2267] [2266] 1 100 1 100 [2281] [2283] 0
2283 1 [2266] [2265] 1 100 1 100 [2282] [2284] 0
2284 1 [2265] [2264] 1 100 1 100 [2283] [2285] 0
2285 1 [2264] [2263] 1 100 1 100 [2284] [2286] 0
2286 1 [2263] [2262] 1 100 1 100 [2285] [2287] 0
2287 1 [2262] [2261] 1 100 1 100 [2286] [2288] 0
2288 1 [2261] [2260] 1 100 1 100 [2287] [2289] 0
2289 1 [2260] [2259] 1 100 1 100 [2288] [2290] 0
2290 1 [2259] [2258] 1 100 1 100 [2289] [2291] 0
2291 1 [2258] [2257] 1 100 1 100 [2290] [2292] 0
2292 1 [2257] [2256] 1 100 1 100 [2291] [2293] 0
2293 1 [2256] [2255] 1 100 1 100 [2292] [2294] 0
2294 1 [2255] [2254] 1 100 1 100 [2293] [2295] 0
2295 1 [2254] [2253] 1 100 1 100 [2294] [2296] 0
2296 1 [2253] [2252] 1 100 1 100 [2295] [2297] 0
2297 1 [2252] [2251] 1 100 1 100 [2296] [2298] 0
2298 1 [2251] [2250] 1 100 1 100 [2297] [2299] 0
2299 1 [2250] [2300] 1 100 1 100 [2298] [2300] 0
2300 1 [2300] [2301] 1 100 1 100 [2299] [2301] 0
2301 1 [2301] [2302] 1 100 1 100 [2300] [2302] 0
2302 1 [2302] [2303] 1 100 1 100 [2301] [2303] 0
2303 1 [2303] [2304] 1 100 1 100 [2302] [2304] 0
2304 1 [2304] [2305] 1 100 1 100 [2303] [2305] 0
2305 1 [2305] [2306] 1 100 1 100 [2304] [2306] 0
2306 1 [2306] [2307] 1 100 1 100 [2305] [2307] 0
2307 1 [2307] [2308] 1 100 1 100 [2306] [2308] 0
2308 1 [2308] [2309] 1 100 1 100 [2307] [2309] 0
2309 1 [2309] [2310] 1 100 1 100 [2308] [2310] 0
2310 1 [2310] [2311] 1 100 1 100 [2309] [2311] 0
2311 1 [2311] [2312] 1 100 1 100 [2310] [2312] 0
2312 1 [2312] [2313] 1 100 1 100 [2311] [2313] 0
2313 1 [2313] [2314] 1 100 1 100 [2312] [2314] 0
2314 1 [2314] [2315] 1 100 1 100 [2313] [2315] 0
2315 1 [2315] [2316] 1 100 1 100 [2314] [2316] 0
2316 1 [2316] [2317] 1 100 1 100 [2315] [2317] 0
2317 1 [2317] [2318] 1 100 1 100 [2316] [2318] 0
2318 1 [2318] [2319] 1 100 1 100 [2317] [2319] 0
2319 1 [2319] [2320] 1 100 1 100 [2318] [2320] 0
2320 1 [2320] [2321] 1 100 1 100 [2319] [2321] 0
2321 1 [2321] [2322] 1 100 1 100 [2320] [2322] 0
2322 1 [2322] [2323] 1 100 1 100 [2321] [2323] 0
2323 1 [2323] [2324] 1 100 1 100 [2322] [2324] 0
2324 1 [2324] [2325] 1 100 1 100 [2323] [2325] 0
2325 1 [2325] [2326] 1 100 1 100 [2324] [2326] 0
2326 1 [2326] [2327] 1 100 1 100 [2325] [2327] 0
2327 1 [2327] [2328] 1 100 1 100 [2326] [2328] 0
2328 1 [2328] [2329] 1 100 1 100 [2327] [2329] 0
2329 1 [2329] [2330] 1 100 1 100 [2328] [2330] 0
2330 1 [2330] [2331] 1 100 1 100 [2329] [2331] 0
2331 1 [2331] [2332] 1 100 1 100 [2330] [2332] 0
2332 1 [2332] [2333] 1 100 1 100 [2331] [2333] 0
2333 1 [2333] [2334] 1 100 1 100 [2332] [2334] 0
2334 1 [2334] [2335] 1 100 1 100 [2333] [2335] 0
2335 1 [2335] [2336] 1 100 1 100 [2334] [2336] 0
2336 1 [2336] [2337] 1 100 1 100 [2335] [2337] 0
2337 1 [2337] [2338] 1 100 1 100 [2336] [2338] 0
2338 1 [2338] [2339] 1 100 1 100 [2337] [2339] 0
2339 1 [2339] [2340] 1 100 1 100 [2338] [2340] 0
2340 1 [2340] [2341] 1 100 1 100 [2339] [2341] 0
2341 1 [2341] [2342] 1 100 1 100 [2340] [2342] 0
2342 1 [2342] [2343] 1 100 1 100 [2341] [2343] 0
2343 1 [2343] [2344] 1 100 1 100 [2342] [2344] 0
2344 1 [2344] [2345] 1 100 1 100 [2343] [2345] 0
2345 1 [2345] [2346] 1 100 1 100 [2344] [2346] 0
2346 1 [2346] [2347] 1 100 1 100 [2345] [2347] 0
2347 1 [2347] [2348] 1 100 1 100 [2346] [2348] 0
2348 1 [2348] [2349] 1 100 1 100 [2347] [2349] 0
2349 1 [2349] [2399] 1 100 1 100 [2348] [2350] 0
2350 1 [2399] [2398] 1 100 1 100 [2349] [2351] 0
2351 1 [2398] [2397] 1 100 1 100 [2350] [2352] 0
2352 1 [2397] [2396] 1 100 1 100 [2351] [2353] 0
2353 1 [2396] [2395] 1 100 1 100 [2352] [2354] 0
2354 1 [2395] [2394] 1 100 1 100 [2353] [2355] 0
2355 1 [2394] [2393] 1 100 1 100 [2354] [2356] 0
2356 1 [2393] [2392] 1 100 1 100 [2355] [2357] 0
2357 1 [2392] [2391] 1 100 1 100 [2356] [2358] 0
2358 1 [2391] [2390] 1 100 1 100 [2357] [2359] 0
2359 1 [2390] [2389] 1 100 1 100 [2358] [2360] 0
2360 1 [2389] [2388] 1 100 1 100 [2359] [2361] 0
2361 1 [2388] [2387] 1 100 1 100 [2360] [2362] 0
2362 1 [2387] [2386] 1 100 1 100 [2361] [2363] 0
2363 1 [2386] [2385] 1 100 1 100 [2362] [2364] 0
2364 1 [2385] [2384] 1 100 1 100 [2363] [2365] 0
2365 1 [2384] [2383] 1 100 1 100 [2364] [2366] 0
2366 1 [2383] [2382] 1 100 1 100 [2365] [2367] 0
2367 1 [2382] [2381] 1 100 1 100 [2366] [2368] 0
2368 1 [2381] [2380] 1 100 1 100 [2367] [2369] 0
2369 1 [2380] [2379] 1 100 1 100 [2368] [2370] 0
2370 1 [2379] [2378] 1 100 1 100 [2369] [2371] 0
2371 1 [2378] [2377] 1 100 1 100 [2370] [2372] 0
2372 1 [2377] [2376] 1 100 1 100 [2371] [2373] 0
2373 1 [2376] [2375] 1 100 1 100 [2372] [2374] 0
2374 1 [2375] [2374] 1 100 1 100 [2373] [2375] 0
2375 1 [2374] [2373] 1 100 1 100 [2374] [2376] 0
2376 1 [2373] [2372] 1 100 1 100 [2375] [2377] 0
2377 1 [2372] [2371] 1 100 1 100 [2376] [2378] 0
2378 1 [2371] [2370] 1 100 1 100 [2377] [2379] 0
2379 1 [2370] [2369] 1 100 1 100 [2378] [2380] 0
2380 1 [2369] [2368] 1 100 1 100 [2379] [2381] 0
2381 1 [2368] [2367] 1 100 1 100 [2380] [2382] 0
2382 1 [2367] [2366] 1 100 1 100 [2381] [2383] 0
2383 1 [2366] [2365] 1 100 1 100 [2382] [2384] 0
2384 1 [2365] [2364] 1 100 1 100 [2383] [2385] 0
2385 1 [2364] [2363] 1 100 1 100 [2384] [2386] 0
2386 1 [2363] [2362] 1 100 1 100 [2385] [2387] 0
2387 1 [2362] [2361] 1 100 1 100 [2386] [2388] 0
2388 1 [2361] [2360] 1 100 1 100 [2387] [2389] 0
2389 1 [2360] [2359] 1 100 1 100 [2388] [2390] 0
2390 1 [2359] [2358] 1 100 1 100 [2389] [2391] 0
2391 1 [2358] [2357] 1 100 1 100 [2390] [2392] 0
2392 1 [2357] [2356] 1 100 1 100 [2391] [2393] 0
2393 1 [2356] [2355] 1 100 1 100 [2392] [2394] 0
2394 1 [2355] [2354] 1 100 1 100 [2393] [2395] 0
2395 1 [2354] [2353] 1 100 1 100 [2394] [2396] 0
2396 1 [2353] [2352] 1 100 1 100 [2395] [2397] 0
2397 1 [2352] [2351] 1 100 1 100 [2396] [2398] 0
2398 1 [2351] [2350] 1 100 1 100 [2397] [2399] 0
2399 1 [2350] [2400] 1 100 1 100 [2398] [2400] 0
2400 1 [2400] [2401] 1 100 1 100 [2399] [2401] 0
2401 1 [2401] [2402] 1 100 1 100 [2400] [2402] 0
2402 1 [2402] [2403] 1 100 1 100 [2401] [2403] 0
2403 1 [2403] [2404] 1 100 1 100 [2402] [2404] 0
2404 1 [2404] [2405] 1 100 1 100 [2403] [2405] 0
2405 1 [2405] [2406] 1 100 1 100 [2404] [2406] 0
2406 1 [2406] [2407] 1 100 1 100 [2405] [2407] 0
2407 1 [2407] [2408] 1 100 1 100 [2406] [2408] 0
2408 1 [2408] [2409] 1 100 1 100 [2407] [2409] 0
2409 1 [2409] [2410] 1 100 1 100 [2408] [2410] 0
2410 1 [2410] [2411] 1 100 1 100 [2409] [2411] 0
2411 1 [2411] [2412] 1 100 1 100 [2410] [2412] 0
2412 1 [2412] [2413] 1 100 1 100 [2411] [2413] 0
2413 1 [2413] [2414] 1 100 1 100 [2412] [2414] 0
2414 1 [2414] [2415] 1 100 1 100 [2413] [2415] 0
2415 1 [2415] [2416] 1 100 1 100 [2414] [2416] 0
2416 1 [2416] [2417] 1 100 1 100 [2415] [2417] 0
2417 1 [2417] [2418] 1 100 1 100 [2416] [2418] 0
2418 1 [2418] [2419] 1 100 1 100 [2417] [2419] 0
2419 1 [2419] [2420] 1 100 1 100 [2418] [2420] 0
2420 1 [2420] [2421] 1 100 1 100 [2419] [2421] 0
2421 1 [2421] [2422] 1 100 1 100 [2420] [2422] 0
2422 1 [2422] [2423] 1 100 1 100 [2421] [2423] 0
2423 1 [2423] [2424] 1 100 1 100 [2422] [2424] 0
2424 1 [2424] [2425] 1 100 1 100 [2423] [2425] 0
2425 1 [2425] [2426] 1 100 1 100 [2424] [2426] 0
2426 1 [2426] [2427] 1 100 1 100 [2425] [2427] 0
2427 1 [2427] [2428] 1 100 1 100 [2426] [2428] 0
2428 1 [2428] [2429] 1 100 1 100 [2427] [2429] 0
2429 1 [2429] [2430] 1 100 1 100 [2428] [2430] 0
2430 1 [2430] [2431] 1 100 1 100 [2429] [2431] 0
2431 1 [2431] [2432] 1 100 1 100 [2430] [2432] 0
2432 1 [2432] [2433] 1 100 1 100 [2431] [2433] 0
2433 1 [2433] [2434] 1 100 1 100 [2432] [2434] 0
2434 1 [2434] [2435] 1 100 1 100 [2433] [2435] 0
2435 1 [2435] [2436] 1 100 1 100 [2434] [2436] 0
2436 1 [2436] [2437] 1 100 1 100 [2435] [2437] 0
2437 1 [2437] [2438] 1 100 1 100 [2436] [2438] 0
2438 1 [2438] [2439] 1 100 1 100 [2437] [2439] 0
2439 1 [2439] [2440] 1 100 1 100 [2438] [2440] 0
2440 1 [2440] [2441] 1 100 1 100 [2439] [2441] 0
2441 1 [2441] [2442] 1 100 1 100 [2440] [2442] 0
2442 1 [2442] [2443] 1 100 1 100 [2441] [2443] 0
2443 1 [2443] [2444] 1 100 1 100 [2442] [2444] 0
2444 1 [2444] [2445] 1 100 1 100 [2443] [2445] 0
2445 1 [2445] [2446] 1 100 1 100 [2444] [2446] 0
2446 1 [2446] [2447] 1 100 1 100 [2445] [2447] 0
2447 1 [2447] [2448] 1 100 1 100 [2446] [2448] 0
2448 1 [2448] [2449] 1 100 1 100 [2447] [2449] 0
2449 1 [2449] [2499] 1 100 1 100 [2448] [2450] 0
2450 1 [2499] [2498] 1 100 1 100 [2449] [2451] 0
2451 1 [2498] [2497] 1 100 1 100 [2450] [2452] 0
2452 1 [2497] [2496] 1 100 1 100 [2451] [2453] 0
2453 1 [2496] [2495] 1 100 1 100 [2452] [2454] 0
2454 1 [2495] [2494] 1 100 1 100 [2453] [2455] 0
2455 1 [2494] [2493] 1 100 1 100 [2454] [2456] 0
2456 1 [2493] [2492] 1 100 1 100 [2455] [2457] 0
2457 1 [2492] [2491] 1 100 1 100 [2456] [2458] 0
2458 1 [2491] [2490] 1 100 1 100 [2457] [2459] 0
2459 1 [2490] [2489] 1 100 1 100 [2458] [2460] 0
2460 1 [2489] [2488] 1 100 1 100 [2459] [2461] 0
2461 1 [2488] [2487] 1 100 1 100 [2460] [2462] 0
2462 1 [2487] [2486] 1 100 1 100 [2461] [2463] 0
2463 1 [2486] [2485] 1 100 1 100 [2462] [2464] 0
2464 1 [2485] [2484] 1 100 1 100 [2463] [2465] 0
2465 1 [2484] [2483] 1 100 1 100 [2464] [2466] 0
2466 1 [2483] [2482] 1 100 1 100 [2465] [2467] 0
2467 1 [2482] [2481] 1 100 1 100 [2466] [2468] 0
2468 1 [2481] [2480] 1 100 1 100 [2467] [2469] 0
2469 1 [2480] [2479] 1 100 1 100 [2468] [2470] 0
2470 1 [2479] [2478] 1 100 1 100 [2469] [2471] 0
2471 1 [2478] [2477] 1 100 1 100 [2470] [2472] 0
2472 1 [2477] [2476] 1 100 1 100 [2471] [2473] 0
2473 1 [2476] [2475] 1 100 1 100 [2472] [2474] 0
2474 1 [2475] [2474] 1 100 1 100 [2473] [2475] 0
2475 1 [2474] [2473] 1 100 1 100 [2474] [2476] 0
2476 1 [2473] [2472] 1 100 1 100 [2475] [2477] 0
2477 1 [2472] [2471] 1 100 1 100 [2476] [2478] 0
2478 1 [2471] [2470] 1 100 1 100 [2477] [2479] 0
2479 1 [2470] [2469] 1 100 1 100 [2478] [2480] 0
2480 1 [2469] [2468] 1 100 1 100 [2479] [2481] 0
2481 1 [2468] [2467] 1 100 1 100 [2480] [2482] 0
2482 1 [2467] [2466] 1 100 1 100 [2481] [2483] 0
2483 1 [2466] [2465] 1 100 1 100 [2482] [2484] 0
2484 1 [2465] [2464] 1 100 1 100 [2483] [2485] 0
2485 1 [2464] [2463] 1 100 1 100 [2484] [2486] 0
2486 1 [2463] [2462] 1 100 1 100 [2485] [2487] 0
2487 1 [2462] [2461] 1 100 1 100 [2486] [2488] 0
2488 1 [2461] [2460] 1 100 1 100 [2487] [2489] 0
2489 1 [2460] [2459] 1 100 1 100 [2488] [2490] 0
2490 1 [2459] [2458] 1 100 1 100 [2489] [2491] 0
2491 1 [2458] [2457] 1 100 1 100 [2490] [2492] 0
2492 1 [2457] [2456] 1 100 1 100 [2491] [2493] 0
2493 1 [2456] [2455] 1 100 1 100 [2492] [2494] 0
2494 1 [2455] [2454] 1 100 1 100 [2493] [2495] 0
2495 1 [2454] [2453] 1 100 1 100 [2494] [2496] 0
2496 1 [2453] [2452] 1 100 1 100 [2495] [2497] 0
2497 1 [2452] [2451] 1 100 1 100 [2496] [2498] 0
2498 1 [2451] [2450] 1 100 -1 100 [2497] [-1] 0
